#group,false,false,true,true,false,false,true,true,true,true
#datatype,string,long,dateTime:RFC3339,dateTime:RFC3339,dateTime:RFC3339,double,string,string,string,string
#default,mean,,,,,,,,,
,result,table,_start,_stop,_time,_value,_field,_measurement,cpu,host
,,0,2021-06-23T14:29:09.366682067Z,2021-06-23T15:29:09.366682067Z,2021-06-23T14:29:20Z,0,usage_guest,cpu,cpu-total,MyLord
,,0,2021-06-23T14:29:09.366682067Z,2021-06-23T15:29:09.366682067Z,2021-06-23T14:29:30Z,0,usage_guest,cpu,cpu-total,MyLord
,,0,2021-06-23T14:29:09.366682067Z,2021-06-23T15:29:09.366682067Z,2021-06-23T14:29:40Z,0,usage_guest,cpu,cpu-total,MyLord
,,0,2021-06-23T14:29:09.366682067Z,2021-06-23T15:29:09.366682067Z,2021-06-23T14:29:50Z,0,usage_guest,cpu,cpu-total,MyLord
,,0,2021-06-23T14:29:09.366682067Z,2021-06-23T15:29:09.366682067Z,2021-06-23T14:30:00Z,0,usage_guest,cpu,cpu-total,MyLord
,,0,2021-06-23T14:29:09.366682067Z,2021-06-23T15:29:09.366682067Z,2021-06-23T14:30:10Z,0,usage_guest,cpu,cpu-total,MyLord
,,0,2021-06-23T14:29:09.366682067Z,2021-06-23T15:29:09.366682067Z,2021-06-23T14:30:20Z,0,usage_guest,cpu,cpu-total,MyLord
,,0,2021-06-23T14:29:09.366682067Z,2021-06-23T15:29:09.366682067Z,2021-06-23T14:30:30Z,0,usage_guest,cpu,cpu-total,MyLord
,,0,2021-06-23T14:29:09.366682067Z,2021-06-23T15:29:09.366682067Z,2021-06-23T14:30:40Z,0,usage_guest,cpu,cpu-total,MyLord
,,0,2021-06-23T14:29:09.366682067Z,2021-06-23T15:29:09.366682067Z,2021-06-23T14:30:50Z,0,usage_guest,cpu,cpu-total,MyLord
,,0,2021-06-23T14:29:09.366682067Z,2021-06-23T15:29:09.366682067Z,2021-06-23T14:31:00Z,0,usage_guest,cpu,cpu-total,MyLord
,,0,2021-06-23T14:29:09.366682067Z,2021-06-23T15:29:09.366682067Z,2021-06-23T14:31:10Z,0,usage_guest,cpu,cpu-total,MyLord
,,0,2021-06-23T14:29:09.366682067Z,2021-06-23T15:29:09.366682067Z,2021-06-23T14:31:20Z,0,usage_guest,cpu,cpu-total,MyLord
,,0,2021-06-23T14:29:09.366682067Z,2021-06-23T15:29:09.366682067Z,2021-06-23T14:31:30Z,0,usage_guest,cpu,cpu-total,MyLord
,,0,2021-06-23T14:29:09.366682067Z,2021-06-23T15:29:09.366682067Z,2021-06-23T14:31:40Z,0,usage_guest,cpu,cpu-total,MyLord
,,0,2021-06-23T14:29:09.366682067Z,2021-06-23T15:29:09.366682067Z,2021-06-23T14:31:50Z,0,usage_guest,cpu,cpu-total,MyLord
,,0,2021-06-23T14:29:09.366682067Z,2021-06-23T15:29:09.366682067Z,2021-06-23T14:32:00Z,0,usage_guest,cpu,cpu-total,MyLord
,,0,2021-06-23T14:29:09.366682067Z,2021-06-23T15:29:09.366682067Z,2021-06-23T14:32:10Z,0,usage_guest,cpu,cpu-total,MyLord
,,0,2021-06-23T14:29:09.366682067Z,2021-06-23T15:29:09.366682067Z,2021-06-23T14:32:20Z,0,usage_guest,cpu,cpu-total,MyLord
,,0,2021-06-23T14:29:09.366682067Z,2021-06-23T15:29:09.366682067Z,2021-06-23T14:32:30Z,0,usage_guest,cpu,cpu-total,MyLord
,,0,2021-06-23T14:29:09.366682067Z,2021-06-23T15:29:09.366682067Z,2021-06-23T14:32:40Z,0,usage_guest,cpu,cpu-total,MyLord
,,0,2021-06-23T14:29:09.366682067Z,2021-06-23T15:29:09.366682067Z,2021-06-23T14:32:50Z,0,usage_guest,cpu,cpu-total,MyLord
,,0,2021-06-23T14:29:09.366682067Z,2021-06-23T15:29:09.366682067Z,2021-06-23T14:33:00Z,0,usage_guest,cpu,cpu-total,MyLord
,,0,2021-06-23T14:29:09.366682067Z,2021-06-23T15:29:09.366682067Z,2021-06-23T14:33:10Z,0,usage_guest,cpu,cpu-total,MyLord
,,0,2021-06-23T14:29:09.366682067Z,2021-06-23T15:29:09.366682067Z,2021-06-23T14:33:20Z,0,usage_guest,cpu,cpu-total,MyLord
,,0,2021-06-23T14:29:09.366682067Z,2021-06-23T15:29:09.366682067Z,2021-06-23T14:33:30Z,0,usage_guest,cpu,cpu-total,MyLord
,,0,2021-06-23T14:29:09.366682067Z,2021-06-23T15:29:09.366682067Z,2021-06-23T14:33:40Z,0,usage_guest,cpu,cpu-total,MyLord
,,0,2021-06-23T14:29:09.366682067Z,2021-06-23T15:29:09.366682067Z,2021-06-23T14:33:50Z,0,usage_guest,cpu,cpu-total,MyLord
,,0,2021-06-23T14:29:09.366682067Z,2021-06-23T15:29:09.366682067Z,2021-06-23T14:34:00Z,0,usage_guest,cpu,cpu-total,MyLord
,,0,2021-06-23T14:29:09.366682067Z,2021-06-23T15:29:09.366682067Z,2021-06-23T14:34:10Z,0,usage_guest,cpu,cpu-total,MyLord
,,0,2021-06-23T14:29:09.366682067Z,2021-06-23T15:29:09.366682067Z,2021-06-23T14:34:20Z,0,usage_guest,cpu,cpu-total,MyLord
,,0,2021-06-23T14:29:09.366682067Z,2021-06-23T15:29:09.366682067Z,2021-06-23T14:34:30Z,0,usage_guest,cpu,cpu-total,MyLord
,,0,2021-06-23T14:29:09.366682067Z,2021-06-23T15:29:09.366682067Z,2021-06-23T14:34:40Z,0,usage_guest,cpu,cpu-total,MyLord
,,0,2021-06-23T14:29:09.366682067Z,2021-06-23T15:29:09.366682067Z,2021-06-23T14:34:50Z,0,usage_guest,cpu,cpu-total,MyLord
,,0,2021-06-23T14:29:09.366682067Z,2021-06-23T15:29:09.366682067Z,2021-06-23T14:35:00Z,0,usage_guest,cpu,cpu-total,MyLord
,,0,2021-06-23T14:29:09.366682067Z,2021-06-23T15:29:09.366682067Z,2021-06-23T14:35:10Z,0,usage_guest,cpu,cpu-total,MyLord
,,0,2021-06-23T14:29:09.366682067Z,2021-06-23T15:29:09.366682067Z,2021-06-23T14:35:20Z,0,usage_guest,cpu,cpu-total,MyLord
,,0,2021-06-23T14:29:09.366682067Z,2021-06-23T15:29:09.366682067Z,2021-06-23T14:35:30Z,0,usage_guest,cpu,cpu-total,MyLord
,,0,2021-06-23T14:29:09.366682067Z,2021-06-23T15:29:09.366682067Z,2021-06-23T14:35:40Z,0,usage_guest,cpu,cpu-total,MyLord
,,0,2021-06-23T14:29:09.366682067Z,2021-06-23T15:29:09.366682067Z,2021-06-23T14:35:50Z,0,usage_guest,cpu,cpu-total,MyLord
,,0,2021-06-23T14:29:09.366682067Z,2021-06-23T15:29:09.366682067Z,2021-06-23T14:36:00Z,0,usage_guest,cpu,cpu-total,MyLord
,,0,2021-06-23T14:29:09.366682067Z,2021-06-23T15:29:09.366682067Z,2021-06-23T14:36:10Z,0,usage_guest,cpu,cpu-total,MyLord
,,0,2021-06-23T14:29:09.366682067Z,2021-06-23T15:29:09.366682067Z,2021-06-23T14:36:20Z,0,usage_guest,cpu,cpu-total,MyLord
,,0,2021-06-23T14:29:09.366682067Z,2021-06-23T15:29:09.366682067Z,2021-06-23T14:36:30Z,0,usage_guest,cpu,cpu-total,MyLord
,,0,2021-06-23T14:29:09.366682067Z,2021-06-23T15:29:09.366682067Z,2021-06-23T14:36:40Z,0,usage_guest,cpu,cpu-total,MyLord
,,0,2021-06-23T14:29:09.366682067Z,2021-06-23T15:29:09.366682067Z,2021-06-23T14:36:50Z,0,usage_guest,cpu,cpu-total,MyLord
,,0,2021-06-23T14:29:09.366682067Z,2021-06-23T15:29:09.366682067Z,2021-06-23T14:37:00Z,0,usage_guest,cpu,cpu-total,MyLord
,,0,2021-06-23T14:29:09.366682067Z,2021-06-23T15:29:09.366682067Z,2021-06-23T14:37:10Z,0,usage_guest,cpu,cpu-total,MyLord
,,0,2021-06-23T14:29:09.366682067Z,2021-06-23T15:29:09.366682067Z,2021-06-23T14:37:20Z,0,usage_guest,cpu,cpu-total,MyLord
,,0,2021-06-23T14:29:09.366682067Z,2021-06-23T15:29:09.366682067Z,2021-06-23T14:37:30Z,0,usage_guest,cpu,cpu-total,MyLord
,,0,2021-06-23T14:29:09.366682067Z,2021-06-23T15:29:09.366682067Z,2021-06-23T14:37:40Z,0,usage_guest,cpu,cpu-total,MyLord
,,0,2021-06-23T14:29:09.366682067Z,2021-06-23T15:29:09.366682067Z,2021-06-23T14:37:50Z,0,usage_guest,cpu,cpu-total,MyLord
,,0,2021-06-23T14:29:09.366682067Z,2021-06-23T15:29:09.366682067Z,2021-06-23T14:38:00Z,0,usage_guest,cpu,cpu-total,MyLord
,,0,2021-06-23T14:29:09.366682067Z,2021-06-23T15:29:09.366682067Z,2021-06-23T14:38:10Z,0,usage_guest,cpu,cpu-total,MyLord
,,0,2021-06-23T14:29:09.366682067Z,2021-06-23T15:29:09.366682067Z,2021-06-23T14:38:20Z,0,usage_guest,cpu,cpu-total,MyLord
,,0,2021-06-23T14:29:09.366682067Z,2021-06-23T15:29:09.366682067Z,2021-06-23T14:38:30Z,0,usage_guest,cpu,cpu-total,MyLord
,,0,2021-06-23T14:29:09.366682067Z,2021-06-23T15:29:09.366682067Z,2021-06-23T14:38:40Z,0,usage_guest,cpu,cpu-total,MyLord
,,0,2021-06-23T14:29:09.366682067Z,2021-06-23T15:29:09.366682067Z,2021-06-23T14:38:50Z,0,usage_guest,cpu,cpu-total,MyLord
,,0,2021-06-23T14:29:09.366682067Z,2021-06-23T15:29:09.366682067Z,2021-06-23T14:39:00Z,0,usage_guest,cpu,cpu-total,MyLord
,,0,2021-06-23T14:29:09.366682067Z,2021-06-23T15:29:09.366682067Z,2021-06-23T14:39:10Z,0,usage_guest,cpu,cpu-total,MyLord
,,0,2021-06-23T14:29:09.366682067Z,2021-06-23T15:29:09.366682067Z,2021-06-23T14:39:20Z,0,usage_guest,cpu,cpu-total,MyLord
,,0,2021-06-23T14:29:09.366682067Z,2021-06-23T15:29:09.366682067Z,2021-06-23T14:39:30Z,0,usage_guest,cpu,cpu-total,MyLord
,,0,2021-06-23T14:29:09.366682067Z,2021-06-23T15:29:09.366682067Z,2021-06-23T14:39:40Z,0,usage_guest,cpu,cpu-total,MyLord
,,0,2021-06-23T14:29:09.366682067Z,2021-06-23T15:29:09.366682067Z,2021-06-23T14:39:50Z,0,usage_guest,cpu,cpu-total,MyLord
,,0,2021-06-23T14:29:09.366682067Z,2021-06-23T15:29:09.366682067Z,2021-06-23T14:40:00Z,0,usage_guest,cpu,cpu-total,MyLord
,,0,2021-06-23T14:29:09.366682067Z,2021-06-23T15:29:09.366682067Z,2021-06-23T14:40:10Z,0,usage_guest,cpu,cpu-total,MyLord
,,0,2021-06-23T14:29:09.366682067Z,2021-06-23T15:29:09.366682067Z,2021-06-23T14:40:20Z,0,usage_guest,cpu,cpu-total,MyLord
,,0,2021-06-23T14:29:09.366682067Z,2021-06-23T15:29:09.366682067Z,2021-06-23T14:40:30Z,0,usage_guest,cpu,cpu-total,MyLord
,,0,2021-06-23T14:29:09.366682067Z,2021-06-23T15:29:09.366682067Z,2021-06-23T14:40:40Z,0,usage_guest,cpu,cpu-total,MyLord
,,0,2021-06-23T14:29:09.366682067Z,2021-06-23T15:29:09.366682067Z,2021-06-23T14:40:50Z,0,usage_guest,cpu,cpu-total,MyLord
,,0,2021-06-23T14:29:09.366682067Z,2021-06-23T15:29:09.366682067Z,2021-06-23T14:41:00Z,0,usage_guest,cpu,cpu-total,MyLord
,,0,2021-06-23T14:29:09.366682067Z,2021-06-23T15:29:09.366682067Z,2021-06-23T14:41:10Z,0,usage_guest,cpu,cpu-total,MyLord
,,0,2021-06-23T14:29:09.366682067Z,2021-06-23T15:29:09.366682067Z,2021-06-23T14:41:20Z,0,usage_guest,cpu,cpu-total,MyLord
,,0,2021-06-23T14:29:09.366682067Z,2021-06-23T15:29:09.366682067Z,2021-06-23T14:41:30Z,0,usage_guest,cpu,cpu-total,MyLord
,,0,2021-06-23T14:29:09.366682067Z,2021-06-23T15:29:09.366682067Z,2021-06-23T14:41:40Z,0,usage_guest,cpu,cpu-total,MyLord
,,0,2021-06-23T14:29:09.366682067Z,2021-06-23T15:29:09.366682067Z,2021-06-23T14:41:50Z,0,usage_guest,cpu,cpu-total,MyLord
,,0,2021-06-23T14:29:09.366682067Z,2021-06-23T15:29:09.366682067Z,2021-06-23T14:42:00Z,0,usage_guest,cpu,cpu-total,MyLord
,,0,2021-06-23T14:29:09.366682067Z,2021-06-23T15:29:09.366682067Z,2021-06-23T14:42:10Z,0,usage_guest,cpu,cpu-total,MyLord
,,0,2021-06-23T14:29:09.366682067Z,2021-06-23T15:29:09.366682067Z,2021-06-23T14:42:20Z,0,usage_guest,cpu,cpu-total,MyLord
,,0,2021-06-23T14:29:09.366682067Z,2021-06-23T15:29:09.366682067Z,2021-06-23T14:42:30Z,0,usage_guest,cpu,cpu-total,MyLord
,,0,2021-06-23T14:29:09.366682067Z,2021-06-23T15:29:09.366682067Z,2021-06-23T14:42:40Z,0,usage_guest,cpu,cpu-total,MyLord
,,0,2021-06-23T14:29:09.366682067Z,2021-06-23T15:29:09.366682067Z,2021-06-23T14:42:50Z,0,usage_guest,cpu,cpu-total,MyLord
,,0,2021-06-23T14:29:09.366682067Z,2021-06-23T15:29:09.366682067Z,2021-06-23T14:43:00Z,0,usage_guest,cpu,cpu-total,MyLord
,,0,2021-06-23T14:29:09.366682067Z,2021-06-23T15:29:09.366682067Z,2021-06-23T14:43:10Z,0,usage_guest,cpu,cpu-total,MyLord
,,0,2021-06-23T14:29:09.366682067Z,2021-06-23T15:29:09.366682067Z,2021-06-23T14:43:20Z,0,usage_guest,cpu,cpu-total,MyLord
,,0,2021-06-23T14:29:09.366682067Z,2021-06-23T15:29:09.366682067Z,2021-06-23T14:43:30Z,0,usage_guest,cpu,cpu-total,MyLord
,,0,2021-06-23T14:29:09.366682067Z,2021-06-23T15:29:09.366682067Z,2021-06-23T14:43:40Z,0,usage_guest,cpu,cpu-total,MyLord
,,0,2021-06-23T14:29:09.366682067Z,2021-06-23T15:29:09.366682067Z,2021-06-23T14:43:50Z,0,usage_guest,cpu,cpu-total,MyLord
,,0,2021-06-23T14:29:09.366682067Z,2021-06-23T15:29:09.366682067Z,2021-06-23T14:44:00Z,0,usage_guest,cpu,cpu-total,MyLord
,,0,2021-06-23T14:29:09.366682067Z,2021-06-23T15:29:09.366682067Z,2021-06-23T14:44:10Z,0,usage_guest,cpu,cpu-total,MyLord
,,0,2021-06-23T14:29:09.366682067Z,2021-06-23T15:29:09.366682067Z,2021-06-23T14:44:20Z,0,usage_guest,cpu,cpu-total,MyLord
,,0,2021-06-23T14:29:09.366682067Z,2021-06-23T15:29:09.366682067Z,2021-06-23T14:44:30Z,0,usage_guest,cpu,cpu-total,MyLord
,,0,2021-06-23T14:29:09.366682067Z,2021-06-23T15:29:09.366682067Z,2021-06-23T14:44:40Z,0,usage_guest,cpu,cpu-total,MyLord
,,0,2021-06-23T14:29:09.366682067Z,2021-06-23T15:29:09.366682067Z,2021-06-23T14:44:50Z,0,usage_guest,cpu,cpu-total,MyLord
,,0,2021-06-23T14:29:09.366682067Z,2021-06-23T15:29:09.366682067Z,2021-06-23T14:45:00Z,0,usage_guest,cpu,cpu-total,MyLord
,,0,2021-06-23T14:29:09.366682067Z,2021-06-23T15:29:09.366682067Z,2021-06-23T14:45:10Z,0,usage_guest,cpu,cpu-total,MyLord
,,0,2021-06-23T14:29:09.366682067Z,2021-06-23T15:29:09.366682067Z,2021-06-23T14:45:20Z,0,usage_guest,cpu,cpu-total,MyLord
,,0,2021-06-23T14:29:09.366682067Z,2021-06-23T15:29:09.366682067Z,2021-06-23T14:45:30Z,0,usage_guest,cpu,cpu-total,MyLord
,,0,2021-06-23T14:29:09.366682067Z,2021-06-23T15:29:09.366682067Z,2021-06-23T14:45:40Z,0,usage_guest,cpu,cpu-total,MyLord
,,0,2021-06-23T14:29:09.366682067Z,2021-06-23T15:29:09.366682067Z,2021-06-23T14:45:50Z,0,usage_guest,cpu,cpu-total,MyLord
,,0,2021-06-23T14:29:09.366682067Z,2021-06-23T15:29:09.366682067Z,2021-06-23T14:46:00Z,0,usage_guest,cpu,cpu-total,MyLord
,,0,2021-06-23T14:29:09.366682067Z,2021-06-23T15:29:09.366682067Z,2021-06-23T14:46:10Z,0,usage_guest,cpu,cpu-total,MyLord
,,0,2021-06-23T14:29:09.366682067Z,2021-06-23T15:29:09.366682067Z,2021-06-23T14:46:20Z,0,usage_guest,cpu,cpu-total,MyLord
,,0,2021-06-23T14:29:09.366682067Z,2021-06-23T15:29:09.366682067Z,2021-06-23T14:46:30Z,0,usage_guest,cpu,cpu-total,MyLord
,,0,2021-06-23T14:29:09.366682067Z,2021-06-23T15:29:09.366682067Z,2021-06-23T14:46:40Z,0,usage_guest,cpu,cpu-total,MyLord
,,0,2021-06-23T14:29:09.366682067Z,2021-06-23T15:29:09.366682067Z,2021-06-23T14:46:50Z,0,usage_guest,cpu,cpu-total,MyLord
,,0,2021-06-23T14:29:09.366682067Z,2021-06-23T15:29:09.366682067Z,2021-06-23T14:47:00Z,0,usage_guest,cpu,cpu-total,MyLord
,,0,2021-06-23T14:29:09.366682067Z,2021-06-23T15:29:09.366682067Z,2021-06-23T14:47:10Z,0,usage_guest,cpu,cpu-total,MyLord
,,0,2021-06-23T14:29:09.366682067Z,2021-06-23T15:29:09.366682067Z,2021-06-23T14:47:20Z,0,usage_guest,cpu,cpu-total,MyLord
,,0,2021-06-23T14:29:09.366682067Z,2021-06-23T15:29:09.366682067Z,2021-06-23T14:47:30Z,0,usage_guest,cpu,cpu-total,MyLord
,,0,2021-06-23T14:29:09.366682067Z,2021-06-23T15:29:09.366682067Z,2021-06-23T14:47:40Z,0,usage_guest,cpu,cpu-total,MyLord
,,0,2021-06-23T14:29:09.366682067Z,2021-06-23T15:29:09.366682067Z,2021-06-23T14:47:50Z,0,usage_guest,cpu,cpu-total,MyLord
,,0,2021-06-23T14:29:09.366682067Z,2021-06-23T15:29:09.366682067Z,2021-06-23T14:48:00Z,0,usage_guest,cpu,cpu-total,MyLord
,,0,2021-06-23T14:29:09.366682067Z,2021-06-23T15:29:09.366682067Z,2021-06-23T14:48:10Z,0,usage_guest,cpu,cpu-total,MyLord
,,0,2021-06-23T14:29:09.366682067Z,2021-06-23T15:29:09.366682067Z,2021-06-23T14:48:20Z,0,usage_guest,cpu,cpu-total,MyLord
,,0,2021-06-23T14:29:09.366682067Z,2021-06-23T15:29:09.366682067Z,2021-06-23T14:48:30Z,0,usage_guest,cpu,cpu-total,MyLord
,,0,2021-06-23T14:29:09.366682067Z,2021-06-23T15:29:09.366682067Z,2021-06-23T14:48:40Z,0,usage_guest,cpu,cpu-total,MyLord
,,0,2021-06-23T14:29:09.366682067Z,2021-06-23T15:29:09.366682067Z,2021-06-23T14:48:50Z,0,usage_guest,cpu,cpu-total,MyLord
,,0,2021-06-23T14:29:09.366682067Z,2021-06-23T15:29:09.366682067Z,2021-06-23T14:49:00Z,0,usage_guest,cpu,cpu-total,MyLord
,,0,2021-06-23T14:29:09.366682067Z,2021-06-23T15:29:09.366682067Z,2021-06-23T14:49:10Z,0,usage_guest,cpu,cpu-total,MyLord
,,0,2021-06-23T14:29:09.366682067Z,2021-06-23T15:29:09.366682067Z,2021-06-23T14:49:20Z,0,usage_guest,cpu,cpu-total,MyLord
,,0,2021-06-23T14:29:09.366682067Z,2021-06-23T15:29:09.366682067Z,2021-06-23T14:49:30Z,0,usage_guest,cpu,cpu-total,MyLord
,,0,2021-06-23T14:29:09.366682067Z,2021-06-23T15:29:09.366682067Z,2021-06-23T14:49:40Z,0,usage_guest,cpu,cpu-total,MyLord
,,0,2021-06-23T14:29:09.366682067Z,2021-06-23T15:29:09.366682067Z,2021-06-23T14:49:50Z,0,usage_guest,cpu,cpu-total,MyLord
,,0,2021-06-23T14:29:09.366682067Z,2021-06-23T15:29:09.366682067Z,2021-06-23T14:50:00Z,0,usage_guest,cpu,cpu-total,MyLord
,,0,2021-06-23T14:29:09.366682067Z,2021-06-23T15:29:09.366682067Z,2021-06-23T14:50:10Z,0,usage_guest,cpu,cpu-total,MyLord
,,0,2021-06-23T14:29:09.366682067Z,2021-06-23T15:29:09.366682067Z,2021-06-23T14:50:20Z,0,usage_guest,cpu,cpu-total,MyLord
,,0,2021-06-23T14:29:09.366682067Z,2021-06-23T15:29:09.366682067Z,2021-06-23T14:50:30Z,0,usage_guest,cpu,cpu-total,MyLord
,,0,2021-06-23T14:29:09.366682067Z,2021-06-23T15:29:09.366682067Z,2021-06-23T14:50:40Z,0,usage_guest,cpu,cpu-total,MyLord
,,0,2021-06-23T14:29:09.366682067Z,2021-06-23T15:29:09.366682067Z,2021-06-23T14:50:50Z,0,usage_guest,cpu,cpu-total,MyLord
,,0,2021-06-23T14:29:09.366682067Z,2021-06-23T15:29:09.366682067Z,2021-06-23T14:51:00Z,0,usage_guest,cpu,cpu-total,MyLord
,,0,2021-06-23T14:29:09.366682067Z,2021-06-23T15:29:09.366682067Z,2021-06-23T14:51:10Z,0,usage_guest,cpu,cpu-total,MyLord
,,0,2021-06-23T14:29:09.366682067Z,2021-06-23T15:29:09.366682067Z,2021-06-23T14:51:20Z,0,usage_guest,cpu,cpu-total,MyLord
,,0,2021-06-23T14:29:09.366682067Z,2021-06-23T15:29:09.366682067Z,2021-06-23T14:51:30Z,0,usage_guest,cpu,cpu-total,MyLord
,,0,2021-06-23T14:29:09.366682067Z,2021-06-23T15:29:09.366682067Z,2021-06-23T14:51:40Z,0,usage_guest,cpu,cpu-total,MyLord
,,0,2021-06-23T14:29:09.366682067Z,2021-06-23T15:29:09.366682067Z,2021-06-23T14:51:50Z,0,usage_guest,cpu,cpu-total,MyLord
,,0,2021-06-23T14:29:09.366682067Z,2021-06-23T15:29:09.366682067Z,2021-06-23T14:52:00Z,0,usage_guest,cpu,cpu-total,MyLord
,,0,2021-06-23T14:29:09.366682067Z,2021-06-23T15:29:09.366682067Z,2021-06-23T14:52:10Z,0,usage_guest,cpu,cpu-total,MyLord
,,0,2021-06-23T14:29:09.366682067Z,2021-06-23T15:29:09.366682067Z,2021-06-23T14:52:20Z,0,usage_guest,cpu,cpu-total,MyLord
,,0,2021-06-23T14:29:09.366682067Z,2021-06-23T15:29:09.366682067Z,2021-06-23T14:52:30Z,0,usage_guest,cpu,cpu-total,MyLord
,,0,2021-06-23T14:29:09.366682067Z,2021-06-23T15:29:09.366682067Z,2021-06-23T14:52:40Z,0,usage_guest,cpu,cpu-total,MyLord
,,0,2021-06-23T14:29:09.366682067Z,2021-06-23T15:29:09.366682067Z,2021-06-23T14:52:50Z,0,usage_guest,cpu,cpu-total,MyLord
,,0,2021-06-23T14:29:09.366682067Z,2021-06-23T15:29:09.366682067Z,2021-06-23T14:53:00Z,0,usage_guest,cpu,cpu-total,MyLord
,,0,2021-06-23T14:29:09.366682067Z,2021-06-23T15:29:09.366682067Z,2021-06-23T14:53:10Z,0,usage_guest,cpu,cpu-total,MyLord
,,0,2021-06-23T14:29:09.366682067Z,2021-06-23T15:29:09.366682067Z,2021-06-23T14:53:20Z,0,usage_guest,cpu,cpu-total,MyLord
,,0,2021-06-23T14:29:09.366682067Z,2021-06-23T15:29:09.366682067Z,2021-06-23T14:53:30Z,0,usage_guest,cpu,cpu-total,MyLord
,,0,2021-06-23T14:29:09.366682067Z,2021-06-23T15:29:09.366682067Z,2021-06-23T14:53:40Z,0,usage_guest,cpu,cpu-total,MyLord
,,0,2021-06-23T14:29:09.366682067Z,2021-06-23T15:29:09.366682067Z,2021-06-23T14:53:50Z,0,usage_guest,cpu,cpu-total,MyLord
,,0,2021-06-23T14:29:09.366682067Z,2021-06-23T15:29:09.366682067Z,2021-06-23T14:54:00Z,0,usage_guest,cpu,cpu-total,MyLord
,,0,2021-06-23T14:29:09.366682067Z,2021-06-23T15:29:09.366682067Z,2021-06-23T14:54:10Z,0,usage_guest,cpu,cpu-total,MyLord
,,0,2021-06-23T14:29:09.366682067Z,2021-06-23T15:29:09.366682067Z,2021-06-23T14:54:20Z,0,usage_guest,cpu,cpu-total,MyLord
,,0,2021-06-23T14:29:09.366682067Z,2021-06-23T15:29:09.366682067Z,2021-06-23T14:54:30Z,0,usage_guest,cpu,cpu-total,MyLord
,,0,2021-06-23T14:29:09.366682067Z,2021-06-23T15:29:09.366682067Z,2021-06-23T14:54:40Z,0,usage_guest,cpu,cpu-total,MyLord
,,0,2021-06-23T14:29:09.366682067Z,2021-06-23T15:29:09.366682067Z,2021-06-23T14:54:50Z,0,usage_guest,cpu,cpu-total,MyLord
,,0,2021-06-23T14:29:09.366682067Z,2021-06-23T15:29:09.366682067Z,2021-06-23T14:55:00Z,0,usage_guest,cpu,cpu-total,MyLord
,,0,2021-06-23T14:29:09.366682067Z,2021-06-23T15:29:09.366682067Z,2021-06-23T14:55:10Z,0,usage_guest,cpu,cpu-total,MyLord
,,0,2021-06-23T14:29:09.366682067Z,2021-06-23T15:29:09.366682067Z,2021-06-23T14:55:20Z,0,usage_guest,cpu,cpu-total,MyLord
,,0,2021-06-23T14:29:09.366682067Z,2021-06-23T15:29:09.366682067Z,2021-06-23T14:55:30Z,0,usage_guest,cpu,cpu-total,MyLord
,,0,2021-06-23T14:29:09.366682067Z,2021-06-23T15:29:09.366682067Z,2021-06-23T14:55:40Z,0,usage_guest,cpu,cpu-total,MyLord
,,0,2021-06-23T14:29:09.366682067Z,2021-06-23T15:29:09.366682067Z,2021-06-23T14:55:50Z,0,usage_guest,cpu,cpu-total,MyLord
,,0,2021-06-23T14:29:09.366682067Z,2021-06-23T15:29:09.366682067Z,2021-06-23T14:56:00Z,0,usage_guest,cpu,cpu-total,MyLord
,,0,2021-06-23T14:29:09.366682067Z,2021-06-23T15:29:09.366682067Z,2021-06-23T14:56:10Z,0,usage_guest,cpu,cpu-total,MyLord
,,0,2021-06-23T14:29:09.366682067Z,2021-06-23T15:29:09.366682067Z,2021-06-23T14:56:20Z,0,usage_guest,cpu,cpu-total,MyLord
,,0,2021-06-23T14:29:09.366682067Z,2021-06-23T15:29:09.366682067Z,2021-06-23T14:56:30Z,0,usage_guest,cpu,cpu-total,MyLord
,,0,2021-06-23T14:29:09.366682067Z,2021-06-23T15:29:09.366682067Z,2021-06-23T14:56:40Z,0,usage_guest,cpu,cpu-total,MyLord
,,0,2021-06-23T14:29:09.366682067Z,2021-06-23T15:29:09.366682067Z,2021-06-23T14:56:50Z,0,usage_guest,cpu,cpu-total,MyLord
,,0,2021-06-23T14:29:09.366682067Z,2021-06-23T15:29:09.366682067Z,2021-06-23T14:57:00Z,0,usage_guest,cpu,cpu-total,MyLord
,,0,2021-06-23T14:29:09.366682067Z,2021-06-23T15:29:09.366682067Z,2021-06-23T14:57:10Z,0,usage_guest,cpu,cpu-total,MyLord
,,0,2021-06-23T14:29:09.366682067Z,2021-06-23T15:29:09.366682067Z,2021-06-23T14:57:20Z,0,usage_guest,cpu,cpu-total,MyLord
,,0,2021-06-23T14:29:09.366682067Z,2021-06-23T15:29:09.366682067Z,2021-06-23T14:57:30Z,0,usage_guest,cpu,cpu-total,MyLord
,,0,2021-06-23T14:29:09.366682067Z,2021-06-23T15:29:09.366682067Z,2021-06-23T14:57:40Z,0,usage_guest,cpu,cpu-total,MyLord
,,0,2021-06-23T14:29:09.366682067Z,2021-06-23T15:29:09.366682067Z,2021-06-23T14:57:50Z,0,usage_guest,cpu,cpu-total,MyLord
,,0,2021-06-23T14:29:09.366682067Z,2021-06-23T15:29:09.366682067Z,2021-06-23T14:58:00Z,0,usage_guest,cpu,cpu-total,MyLord
,,0,2021-06-23T14:29:09.366682067Z,2021-06-23T15:29:09.366682067Z,2021-06-23T14:58:10Z,0,usage_guest,cpu,cpu-total,MyLord
,,0,2021-06-23T14:29:09.366682067Z,2021-06-23T15:29:09.366682067Z,2021-06-23T14:58:20Z,0,usage_guest,cpu,cpu-total,MyLord
,,0,2021-06-23T14:29:09.366682067Z,2021-06-23T15:29:09.366682067Z,2021-06-23T14:58:30Z,0,usage_guest,cpu,cpu-total,MyLord
,,0,2021-06-23T14:29:09.366682067Z,2021-06-23T15:29:09.366682067Z,2021-06-23T14:58:40Z,0,usage_guest,cpu,cpu-total,MyLord
,,0,2021-06-23T14:29:09.366682067Z,2021-06-23T15:29:09.366682067Z,2021-06-23T14:58:50Z,0,usage_guest,cpu,cpu-total,MyLord
,,0,2021-06-23T14:29:09.366682067Z,2021-06-23T15:29:09.366682067Z,2021-06-23T14:59:00Z,0,usage_guest,cpu,cpu-total,MyLord
,,0,2021-06-23T14:29:09.366682067Z,2021-06-23T15:29:09.366682067Z,2021-06-23T14:59:10Z,0,usage_guest,cpu,cpu-total,MyLord
,,0,2021-06-23T14:29:09.366682067Z,2021-06-23T15:29:09.366682067Z,2021-06-23T14:59:20Z,0,usage_guest,cpu,cpu-total,MyLord
,,0,2021-06-23T14:29:09.366682067Z,2021-06-23T15:29:09.366682067Z,2021-06-23T14:59:30Z,0,usage_guest,cpu,cpu-total,MyLord
,,0,2021-06-23T14:29:09.366682067Z,2021-06-23T15:29:09.366682067Z,2021-06-23T14:59:40Z,0,usage_guest,cpu,cpu-total,MyLord
,,0,2021-06-23T14:29:09.366682067Z,2021-06-23T15:29:09.366682067Z,2021-06-23T14:59:50Z,0,usage_guest,cpu,cpu-total,MyLord
,,0,2021-06-23T14:29:09.366682067Z,2021-06-23T15:29:09.366682067Z,2021-06-23T15:00:00Z,0,usage_guest,cpu,cpu-total,MyLord
,,0,2021-06-23T14:29:09.366682067Z,2021-06-23T15:29:09.366682067Z,2021-06-23T15:00:10Z,0,usage_guest,cpu,cpu-total,MyLord
,,0,2021-06-23T14:29:09.366682067Z,2021-06-23T15:29:09.366682067Z,2021-06-23T15:00:20Z,0,usage_guest,cpu,cpu-total,MyLord
,,0,2021-06-23T14:29:09.366682067Z,2021-06-23T15:29:09.366682067Z,2021-06-23T15:00:30Z,0,usage_guest,cpu,cpu-total,MyLord
,,0,2021-06-23T14:29:09.366682067Z,2021-06-23T15:29:09.366682067Z,2021-06-23T15:00:40Z,0,usage_guest,cpu,cpu-total,MyLord
,,0,2021-06-23T14:29:09.366682067Z,2021-06-23T15:29:09.366682067Z,2021-06-23T15:00:50Z,0,usage_guest,cpu,cpu-total,MyLord
,,0,2021-06-23T14:29:09.366682067Z,2021-06-23T15:29:09.366682067Z,2021-06-23T15:01:00Z,0,usage_guest,cpu,cpu-total,MyLord
,,0,2021-06-23T14:29:09.366682067Z,2021-06-23T15:29:09.366682067Z,2021-06-23T15:01:10Z,0,usage_guest,cpu,cpu-total,MyLord
,,0,2021-06-23T14:29:09.366682067Z,2021-06-23T15:29:09.366682067Z,2021-06-23T15:01:20Z,0,usage_guest,cpu,cpu-total,MyLord
,,0,2021-06-23T14:29:09.366682067Z,2021-06-23T15:29:09.366682067Z,2021-06-23T15:01:30Z,0,usage_guest,cpu,cpu-total,MyLord
,,0,2021-06-23T14:29:09.366682067Z,2021-06-23T15:29:09.366682067Z,2021-06-23T15:01:40Z,0,usage_guest,cpu,cpu-total,MyLord
,,0,2021-06-23T14:29:09.366682067Z,2021-06-23T15:29:09.366682067Z,2021-06-23T15:01:50Z,0,usage_guest,cpu,cpu-total,MyLord
,,0,2021-06-23T14:29:09.366682067Z,2021-06-23T15:29:09.366682067Z,2021-06-23T15:02:00Z,0,usage_guest,cpu,cpu-total,MyLord
,,0,2021-06-23T14:29:09.366682067Z,2021-06-23T15:29:09.366682067Z,2021-06-23T15:02:10Z,0,usage_guest,cpu,cpu-total,MyLord
,,0,2021-06-23T14:29:09.366682067Z,2021-06-23T15:29:09.366682067Z,2021-06-23T15:02:20Z,0,usage_guest,cpu,cpu-total,MyLord
,,0,2021-06-23T14:29:09.366682067Z,2021-06-23T15:29:09.366682067Z,2021-06-23T15:02:30Z,0,usage_guest,cpu,cpu-total,MyLord
,,0,2021-06-23T14:29:09.366682067Z,2021-06-23T15:29:09.366682067Z,2021-06-23T15:02:40Z,0,usage_guest,cpu,cpu-total,MyLord
,,0,2021-06-23T14:29:09.366682067Z,2021-06-23T15:29:09.366682067Z,2021-06-23T15:02:50Z,0,usage_guest,cpu,cpu-total,MyLord
,,0,2021-06-23T14:29:09.366682067Z,2021-06-23T15:29:09.366682067Z,2021-06-23T15:03:00Z,0,usage_guest,cpu,cpu-total,MyLord
,,0,2021-06-23T14:29:09.366682067Z,2021-06-23T15:29:09.366682067Z,2021-06-23T15:03:10Z,0,usage_guest,cpu,cpu-total,MyLord
,,0,2021-06-23T14:29:09.366682067Z,2021-06-23T15:29:09.366682067Z,2021-06-23T15:03:20Z,0,usage_guest,cpu,cpu-total,MyLord
,,0,2021-06-23T14:29:09.366682067Z,2021-06-23T15:29:09.366682067Z,2021-06-23T15:03:30Z,0,usage_guest,cpu,cpu-total,MyLord
,,0,2021-06-23T14:29:09.366682067Z,2021-06-23T15:29:09.366682067Z,2021-06-23T15:03:40Z,0,usage_guest,cpu,cpu-total,MyLord
,,0,2021-06-23T14:29:09.366682067Z,2021-06-23T15:29:09.366682067Z,2021-06-23T15:03:50Z,0,usage_guest,cpu,cpu-total,MyLord
,,0,2021-06-23T14:29:09.366682067Z,2021-06-23T15:29:09.366682067Z,2021-06-23T15:04:00Z,0,usage_guest,cpu,cpu-total,MyLord
,,0,2021-06-23T14:29:09.366682067Z,2021-06-23T15:29:09.366682067Z,2021-06-23T15:04:10Z,0,usage_guest,cpu,cpu-total,MyLord
,,0,2021-06-23T14:29:09.366682067Z,2021-06-23T15:29:09.366682067Z,2021-06-23T15:04:20Z,0,usage_guest,cpu,cpu-total,MyLord
,,0,2021-06-23T14:29:09.366682067Z,2021-06-23T15:29:09.366682067Z,2021-06-23T15:04:30Z,0,usage_guest,cpu,cpu-total,MyLord
,,0,2021-06-23T14:29:09.366682067Z,2021-06-23T15:29:09.366682067Z,2021-06-23T15:04:40Z,0,usage_guest,cpu,cpu-total,MyLord
,,0,2021-06-23T14:29:09.366682067Z,2021-06-23T15:29:09.366682067Z,2021-06-23T15:04:50Z,0,usage_guest,cpu,cpu-total,MyLord
,,0,2021-06-23T14:29:09.366682067Z,2021-06-23T15:29:09.366682067Z,2021-06-23T15:05:00Z,0,usage_guest,cpu,cpu-total,MyLord
,,0,2021-06-23T14:29:09.366682067Z,2021-06-23T15:29:09.366682067Z,2021-06-23T15:05:10Z,0,usage_guest,cpu,cpu-total,MyLord
,,0,2021-06-23T14:29:09.366682067Z,2021-06-23T15:29:09.366682067Z,2021-06-23T15:05:20Z,0,usage_guest,cpu,cpu-total,MyLord
,,0,2021-06-23T14:29:09.366682067Z,2021-06-23T15:29:09.366682067Z,2021-06-23T15:05:30Z,0,usage_guest,cpu,cpu-total,MyLord
,,0,2021-06-23T14:29:09.366682067Z,2021-06-23T15:29:09.366682067Z,2021-06-23T15:05:40Z,0,usage_guest,cpu,cpu-total,MyLord
,,0,2021-06-23T14:29:09.366682067Z,2021-06-23T15:29:09.366682067Z,2021-06-23T15:05:50Z,0,usage_guest,cpu,cpu-total,MyLord
,,0,2021-06-23T14:29:09.366682067Z,2021-06-23T15:29:09.366682067Z,2021-06-23T15:06:00Z,0,usage_guest,cpu,cpu-total,MyLord
,,0,2021-06-23T14:29:09.366682067Z,2021-06-23T15:29:09.366682067Z,2021-06-23T15:06:10Z,0,usage_guest,cpu,cpu-total,MyLord
,,0,2021-06-23T14:29:09.366682067Z,2021-06-23T15:29:09.366682067Z,2021-06-23T15:06:20Z,0,usage_guest,cpu,cpu-total,MyLord
,,0,2021-06-23T14:29:09.366682067Z,2021-06-23T15:29:09.366682067Z,2021-06-23T15:06:30Z,0,usage_guest,cpu,cpu-total,MyLord
,,0,2021-06-23T14:29:09.366682067Z,2021-06-23T15:29:09.366682067Z,2021-06-23T15:06:40Z,0,usage_guest,cpu,cpu-total,MyLord
,,0,2021-06-23T14:29:09.366682067Z,2021-06-23T15:29:09.366682067Z,2021-06-23T15:06:50Z,0,usage_guest,cpu,cpu-total,MyLord
,,0,2021-06-23T14:29:09.366682067Z,2021-06-23T15:29:09.366682067Z,2021-06-23T15:07:00Z,0,usage_guest,cpu,cpu-total,MyLord
,,0,2021-06-23T14:29:09.366682067Z,2021-06-23T15:29:09.366682067Z,2021-06-23T15:07:10Z,0,usage_guest,cpu,cpu-total,MyLord
,,0,2021-06-23T14:29:09.366682067Z,2021-06-23T15:29:09.366682067Z,2021-06-23T15:07:20Z,0,usage_guest,cpu,cpu-total,MyLord
,,0,2021-06-23T14:29:09.366682067Z,2021-06-23T15:29:09.366682067Z,2021-06-23T15:07:30Z,0,usage_guest,cpu,cpu-total,MyLord
,,0,2021-06-23T14:29:09.366682067Z,2021-06-23T15:29:09.366682067Z,2021-06-23T15:07:40Z,0,usage_guest,cpu,cpu-total,MyLord
,,0,2021-06-23T14:29:09.366682067Z,2021-06-23T15:29:09.366682067Z,2021-06-23T15:07:50Z,0,usage_guest,cpu,cpu-total,MyLord
,,0,2021-06-23T14:29:09.366682067Z,2021-06-23T15:29:09.366682067Z,2021-06-23T15:08:00Z,0,usage_guest,cpu,cpu-total,MyLord
,,0,2021-06-23T14:29:09.366682067Z,2021-06-23T15:29:09.366682067Z,2021-06-23T15:08:10Z,0,usage_guest,cpu,cpu-total,MyLord
,,0,2021-06-23T14:29:09.366682067Z,2021-06-23T15:29:09.366682067Z,2021-06-23T15:08:20Z,0,usage_guest,cpu,cpu-total,MyLord
,,0,2021-06-23T14:29:09.366682067Z,2021-06-23T15:29:09.366682067Z,2021-06-23T15:08:30Z,0,usage_guest,cpu,cpu-total,MyLord
,,0,2021-06-23T14:29:09.366682067Z,2021-06-23T15:29:09.366682067Z,2021-06-23T15:08:40Z,0,usage_guest,cpu,cpu-total,MyLord
,,0,2021-06-23T14:29:09.366682067Z,2021-06-23T15:29:09.366682067Z,2021-06-23T15:08:50Z,0,usage_guest,cpu,cpu-total,MyLord
,,0,2021-06-23T14:29:09.366682067Z,2021-06-23T15:29:09.366682067Z,2021-06-23T15:09:00Z,0,usage_guest,cpu,cpu-total,MyLord
,,0,2021-06-23T14:29:09.366682067Z,2021-06-23T15:29:09.366682067Z,2021-06-23T15:09:10Z,0,usage_guest,cpu,cpu-total,MyLord
,,0,2021-06-23T14:29:09.366682067Z,2021-06-23T15:29:09.366682067Z,2021-06-23T15:09:20Z,0,usage_guest,cpu,cpu-total,MyLord
,,0,2021-06-23T14:29:09.366682067Z,2021-06-23T15:29:09.366682067Z,2021-06-23T15:09:30Z,0,usage_guest,cpu,cpu-total,MyLord
,,0,2021-06-23T14:29:09.366682067Z,2021-06-23T15:29:09.366682067Z,2021-06-23T15:09:40Z,0,usage_guest,cpu,cpu-total,MyLord
,,0,2021-06-23T14:29:09.366682067Z,2021-06-23T15:29:09.366682067Z,2021-06-23T15:09:50Z,0,usage_guest,cpu,cpu-total,MyLord
,,0,2021-06-23T14:29:09.366682067Z,2021-06-23T15:29:09.366682067Z,2021-06-23T15:10:00Z,0,usage_guest,cpu,cpu-total,MyLord
,,0,2021-06-23T14:29:09.366682067Z,2021-06-23T15:29:09.366682067Z,2021-06-23T15:10:10Z,0,usage_guest,cpu,cpu-total,MyLord
,,0,2021-06-23T14:29:09.366682067Z,2021-06-23T15:29:09.366682067Z,2021-06-23T15:10:20Z,0,usage_guest,cpu,cpu-total,MyLord
,,0,2021-06-23T14:29:09.366682067Z,2021-06-23T15:29:09.366682067Z,2021-06-23T15:10:30Z,0,usage_guest,cpu,cpu-total,MyLord
,,0,2021-06-23T14:29:09.366682067Z,2021-06-23T15:29:09.366682067Z,2021-06-23T15:10:40Z,0,usage_guest,cpu,cpu-total,MyLord
,,0,2021-06-23T14:29:09.366682067Z,2021-06-23T15:29:09.366682067Z,2021-06-23T15:10:50Z,0,usage_guest,cpu,cpu-total,MyLord
,,0,2021-06-23T14:29:09.366682067Z,2021-06-23T15:29:09.366682067Z,2021-06-23T15:11:00Z,0,usage_guest,cpu,cpu-total,MyLord
,,0,2021-06-23T14:29:09.366682067Z,2021-06-23T15:29:09.366682067Z,2021-06-23T15:11:10Z,0,usage_guest,cpu,cpu-total,MyLord
,,0,2021-06-23T14:29:09.366682067Z,2021-06-23T15:29:09.366682067Z,2021-06-23T15:11:20Z,0,usage_guest,cpu,cpu-total,MyLord
,,0,2021-06-23T14:29:09.366682067Z,2021-06-23T15:29:09.366682067Z,2021-06-23T15:11:30Z,0,usage_guest,cpu,cpu-total,MyLord
,,0,2021-06-23T14:29:09.366682067Z,2021-06-23T15:29:09.366682067Z,2021-06-23T15:11:40Z,0,usage_guest,cpu,cpu-total,MyLord
,,0,2021-06-23T14:29:09.366682067Z,2021-06-23T15:29:09.366682067Z,2021-06-23T15:11:50Z,0,usage_guest,cpu,cpu-total,MyLord
,,0,2021-06-23T14:29:09.366682067Z,2021-06-23T15:29:09.366682067Z,2021-06-23T15:12:00Z,0,usage_guest,cpu,cpu-total,MyLord
,,0,2021-06-23T14:29:09.366682067Z,2021-06-23T15:29:09.366682067Z,2021-06-23T15:12:10Z,0,usage_guest,cpu,cpu-total,MyLord
,,0,2021-06-23T14:29:09.366682067Z,2021-06-23T15:29:09.366682067Z,2021-06-23T15:12:20Z,0,usage_guest,cpu,cpu-total,MyLord
,,0,2021-06-23T14:29:09.366682067Z,2021-06-23T15:29:09.366682067Z,2021-06-23T15:12:30Z,0,usage_guest,cpu,cpu-total,MyLord
,,0,2021-06-23T14:29:09.366682067Z,2021-06-23T15:29:09.366682067Z,2021-06-23T15:12:40Z,0,usage_guest,cpu,cpu-total,MyLord
,,0,2021-06-23T14:29:09.366682067Z,2021-06-23T15:29:09.366682067Z,2021-06-23T15:12:50Z,0,usage_guest,cpu,cpu-total,MyLord
,,0,2021-06-23T14:29:09.366682067Z,2021-06-23T15:29:09.366682067Z,2021-06-23T15:13:00Z,0,usage_guest,cpu,cpu-total,MyLord
,,0,2021-06-23T14:29:09.366682067Z,2021-06-23T15:29:09.366682067Z,2021-06-23T15:13:10Z,0,usage_guest,cpu,cpu-total,MyLord
,,0,2021-06-23T14:29:09.366682067Z,2021-06-23T15:29:09.366682067Z,2021-06-23T15:13:20Z,0,usage_guest,cpu,cpu-total,MyLord
,,0,2021-06-23T14:29:09.366682067Z,2021-06-23T15:29:09.366682067Z,2021-06-23T15:13:30Z,0,usage_guest,cpu,cpu-total,MyLord
,,0,2021-06-23T14:29:09.366682067Z,2021-06-23T15:29:09.366682067Z,2021-06-23T15:13:40Z,0,usage_guest,cpu,cpu-total,MyLord
,,0,2021-06-23T14:29:09.366682067Z,2021-06-23T15:29:09.366682067Z,2021-06-23T15:13:50Z,0,usage_guest,cpu,cpu-total,MyLord
,,0,2021-06-23T14:29:09.366682067Z,2021-06-23T15:29:09.366682067Z,2021-06-23T15:14:00Z,0,usage_guest,cpu,cpu-total,MyLord
,,0,2021-06-23T14:29:09.366682067Z,2021-06-23T15:29:09.366682067Z,2021-06-23T15:14:10Z,0,usage_guest,cpu,cpu-total,MyLord
,,0,2021-06-23T14:29:09.366682067Z,2021-06-23T15:29:09.366682067Z,2021-06-23T15:14:20Z,0,usage_guest,cpu,cpu-total,MyLord
,,0,2021-06-23T14:29:09.366682067Z,2021-06-23T15:29:09.366682067Z,2021-06-23T15:14:30Z,0,usage_guest,cpu,cpu-total,MyLord
,,0,2021-06-23T14:29:09.366682067Z,2021-06-23T15:29:09.366682067Z,2021-06-23T15:14:40Z,0,usage_guest,cpu,cpu-total,MyLord
,,0,2021-06-23T14:29:09.366682067Z,2021-06-23T15:29:09.366682067Z,2021-06-23T15:14:50Z,0,usage_guest,cpu,cpu-total,MyLord
,,0,2021-06-23T14:29:09.366682067Z,2021-06-23T15:29:09.366682067Z,2021-06-23T15:15:00Z,0,usage_guest,cpu,cpu-total,MyLord
,,0,2021-06-23T14:29:09.366682067Z,2021-06-23T15:29:09.366682067Z,2021-06-23T15:15:10Z,0,usage_guest,cpu,cpu-total,MyLord
,,0,2021-06-23T14:29:09.366682067Z,2021-06-23T15:29:09.366682067Z,2021-06-23T15:15:20Z,0,usage_guest,cpu,cpu-total,MyLord
,,0,2021-06-23T14:29:09.366682067Z,2021-06-23T15:29:09.366682067Z,2021-06-23T15:15:30Z,0,usage_guest,cpu,cpu-total,MyLord
,,0,2021-06-23T14:29:09.366682067Z,2021-06-23T15:29:09.366682067Z,2021-06-23T15:15:40Z,0,usage_guest,cpu,cpu-total,MyLord
,,0,2021-06-23T14:29:09.366682067Z,2021-06-23T15:29:09.366682067Z,2021-06-23T15:15:50Z,0,usage_guest,cpu,cpu-total,MyLord
,,0,2021-06-23T14:29:09.366682067Z,2021-06-23T15:29:09.366682067Z,2021-06-23T15:16:00Z,0,usage_guest,cpu,cpu-total,MyLord
,,0,2021-06-23T14:29:09.366682067Z,2021-06-23T15:29:09.366682067Z,2021-06-23T15:16:10Z,0,usage_guest,cpu,cpu-total,MyLord
,,0,2021-06-23T14:29:09.366682067Z,2021-06-23T15:29:09.366682067Z,2021-06-23T15:16:20Z,0,usage_guest,cpu,cpu-total,MyLord
,,0,2021-06-23T14:29:09.366682067Z,2021-06-23T15:29:09.366682067Z,2021-06-23T15:16:30Z,0,usage_guest,cpu,cpu-total,MyLord
,,0,2021-06-23T14:29:09.366682067Z,2021-06-23T15:29:09.366682067Z,2021-06-23T15:16:40Z,0,usage_guest,cpu,cpu-total,MyLord
,,0,2021-06-23T14:29:09.366682067Z,2021-06-23T15:29:09.366682067Z,2021-06-23T15:16:50Z,0,usage_guest,cpu,cpu-total,MyLord
,,0,2021-06-23T14:29:09.366682067Z,2021-06-23T15:29:09.366682067Z,2021-06-23T15:17:00Z,0,usage_guest,cpu,cpu-total,MyLord
,,0,2021-06-23T14:29:09.366682067Z,2021-06-23T15:29:09.366682067Z,2021-06-23T15:17:10Z,0,usage_guest,cpu,cpu-total,MyLord
,,0,2021-06-23T14:29:09.366682067Z,2021-06-23T15:29:09.366682067Z,2021-06-23T15:17:20Z,0,usage_guest,cpu,cpu-total,MyLord
,,0,2021-06-23T14:29:09.366682067Z,2021-06-23T15:29:09.366682067Z,2021-06-23T15:17:30Z,0,usage_guest,cpu,cpu-total,MyLord
,,0,2021-06-23T14:29:09.366682067Z,2021-06-23T15:29:09.366682067Z,2021-06-23T15:17:40Z,0,usage_guest,cpu,cpu-total,MyLord
,,0,2021-06-23T14:29:09.366682067Z,2021-06-23T15:29:09.366682067Z,2021-06-23T15:25:40Z,0,usage_guest,cpu,cpu-total,MyLord
,,0,2021-06-23T14:29:09.366682067Z,2021-06-23T15:29:09.366682067Z,2021-06-23T15:25:50Z,0,usage_guest,cpu,cpu-total,MyLord
,,0,2021-06-23T14:29:09.366682067Z,2021-06-23T15:29:09.366682067Z,2021-06-23T15:26:00Z,0,usage_guest,cpu,cpu-total,MyLord
,,0,2021-06-23T14:29:09.366682067Z,2021-06-23T15:29:09.366682067Z,2021-06-23T15:26:10Z,0,usage_guest,cpu,cpu-total,MyLord
,,0,2021-06-23T14:29:09.366682067Z,2021-06-23T15:29:09.366682067Z,2021-06-23T15:26:20Z,0,usage_guest,cpu,cpu-total,MyLord
,,0,2021-06-23T14:29:09.366682067Z,2021-06-23T15:29:09.366682067Z,2021-06-23T15:26:30Z,0,usage_guest,cpu,cpu-total,MyLord
,,0,2021-06-23T14:29:09.366682067Z,2021-06-23T15:29:09.366682067Z,2021-06-23T15:26:40Z,0,usage_guest,cpu,cpu-total,MyLord
,,0,2021-06-23T14:29:09.366682067Z,2021-06-23T15:29:09.366682067Z,2021-06-23T15:26:50Z,0,usage_guest,cpu,cpu-total,MyLord
,,0,2021-06-23T14:29:09.366682067Z,2021-06-23T15:29:09.366682067Z,2021-06-23T15:27:00Z,0,usage_guest,cpu,cpu-total,MyLord
,,0,2021-06-23T14:29:09.366682067Z,2021-06-23T15:29:09.366682067Z,2021-06-23T15:27:10Z,0,usage_guest,cpu,cpu-total,MyLord
,,0,2021-06-23T14:29:09.366682067Z,2021-06-23T15:29:09.366682067Z,2021-06-23T15:27:20Z,0,usage_guest,cpu,cpu-total,MyLord
,,0,2021-06-23T14:29:09.366682067Z,2021-06-23T15:29:09.366682067Z,2021-06-23T15:27:30Z,0,usage_guest,cpu,cpu-total,MyLord
,,0,2021-06-23T14:29:09.366682067Z,2021-06-23T15:29:09.366682067Z,2021-06-23T15:27:40Z,0,usage_guest,cpu,cpu-total,MyLord
,,0,2021-06-23T14:29:09.366682067Z,2021-06-23T15:29:09.366682067Z,2021-06-23T15:27:50Z,0,usage_guest,cpu,cpu-total,MyLord
,,0,2021-06-23T14:29:09.366682067Z,2021-06-23T15:29:09.366682067Z,2021-06-23T15:28:00Z,0,usage_guest,cpu,cpu-total,MyLord
,,0,2021-06-23T14:29:09.366682067Z,2021-06-23T15:29:09.366682067Z,2021-06-23T15:28:10Z,0,usage_guest,cpu,cpu-total,MyLord
,,0,2021-06-23T14:29:09.366682067Z,2021-06-23T15:29:09.366682067Z,2021-06-23T15:28:20Z,0,usage_guest,cpu,cpu-total,MyLord
,,0,2021-06-23T14:29:09.366682067Z,2021-06-23T15:29:09.366682067Z,2021-06-23T15:28:30Z,0,usage_guest,cpu,cpu-total,MyLord
,,0,2021-06-23T14:29:09.366682067Z,2021-06-23T15:29:09.366682067Z,2021-06-23T15:28:40Z,0,usage_guest,cpu,cpu-total,MyLord
,,0,2021-06-23T14:29:09.366682067Z,2021-06-23T15:29:09.366682067Z,2021-06-23T15:28:50Z,0,usage_guest,cpu,cpu-total,MyLord
,,0,2021-06-23T14:29:09.366682067Z,2021-06-23T15:29:09.366682067Z,2021-06-23T15:29:00Z,0,usage_guest,cpu,cpu-total,MyLord
,,1,2021-06-23T14:29:09.366682067Z,2021-06-23T15:29:09.366682067Z,2021-06-23T14:29:20Z,0.4175365344469425,usage_system,cpu,cpu-total,MyLord
,,1,2021-06-23T14:29:09.366682067Z,2021-06-23T15:29:09.366682067Z,2021-06-23T14:29:30Z,0.41797283176525,usage_system,cpu,cpu-total,MyLord
,,1,2021-06-23T14:29:09.366682067Z,2021-06-23T15:29:09.366682067Z,2021-06-23T14:29:40Z,0.8333333333332544,usage_system,cpu,cpu-total,MyLord
,,1,2021-06-23T14:29:09.366682067Z,2021-06-23T15:29:09.366682067Z,2021-06-23T14:29:50Z,0.6230529595016312,usage_system,cpu,cpu-total,MyLord
,,1,2021-06-23T14:29:09.366682067Z,2021-06-23T15:29:09.366682067Z,2021-06-23T14:30:00Z,0.415368639668307,usage_system,cpu,cpu-total,MyLord
,,1,2021-06-23T14:29:09.366682067Z,2021-06-23T15:29:09.366682067Z,2021-06-23T14:30:10Z,0.6230529595006897,usage_system,cpu,cpu-total,MyLord
,,1,2021-06-23T14:29:09.366682067Z,2021-06-23T15:29:09.366682067Z,2021-06-23T14:30:20Z,0.3118503118501792,usage_system,cpu,cpu-total,MyLord
,,1,2021-06-23T14:29:09.366682067Z,2021-06-23T15:29:09.366682067Z,2021-06-23T14:30:30Z,0.5186721991708634,usage_system,cpu,cpu-total,MyLord
,,1,2021-06-23T14:29:09.366682067Z,2021-06-23T15:29:09.366682067Z,2021-06-23T14:30:40Z,0.4171011470279269,usage_system,cpu,cpu-total,MyLord
,,1,2021-06-23T14:29:09.366682067Z,2021-06-23T15:29:09.366682067Z,2021-06-23T14:30:50Z,1.0341261633923557,usage_system,cpu,cpu-total,MyLord
,,1,2021-06-23T14:29:09.366682067Z,2021-06-23T15:29:09.366682067Z,2021-06-23T14:31:00Z,0.41536863966712645,usage_system,cpu,cpu-total,MyLord
,,1,2021-06-23T14:29:09.366682067Z,2021-06-23T15:29:09.366682067Z,2021-06-23T14:31:10Z,0.6217616580311381,usage_system,cpu,cpu-total,MyLord
,,1,2021-06-23T14:29:09.366682067Z,2021-06-23T15:29:09.366682067Z,2021-06-23T14:31:20Z,0.6237006237003584,usage_system,cpu,cpu-total,MyLord
,,1,2021-06-23T14:29:09.366682067Z,2021-06-23T15:29:09.366682067Z,2021-06-23T14:31:30Z,0.8359456635329591,usage_system,cpu,cpu-total,MyLord
,,1,2021-06-23T14:29:09.366682067Z,2021-06-23T15:29:09.366682067Z,2021-06-23T14:31:40Z,0.4149377593357473,usage_system,cpu,cpu-total,MyLord
,,1,2021-06-23T14:29:09.366682067Z,2021-06-23T15:29:09.366682067Z,2021-06-23T14:31:50Z,0.6230529595018702,usage_system,cpu,cpu-total,MyLord
,,1,2021-06-23T14:29:09.366682067Z,2021-06-23T15:29:09.366682067Z,2021-06-23T14:32:00Z,0.7246376811584992,usage_system,cpu,cpu-total,MyLord
,,1,2021-06-23T14:29:09.366682067Z,2021-06-23T15:29:09.366682067Z,2021-06-23T14:32:10Z,0.6237006237015401,usage_system,cpu,cpu-total,MyLord
,,1,2021-06-23T14:29:09.366682067Z,2021-06-23T15:29:09.366682067Z,2021-06-23T14:32:20Z,0.3118503118501792,usage_system,cpu,cpu-total,MyLord
,,1,2021-06-23T14:29:09.366682067Z,2021-06-23T15:29:09.366682067Z,2021-06-23T14:32:30Z,0.4149377593357473,usage_system,cpu,cpu-total,MyLord
,,1,2021-06-23T14:29:09.366682067Z,2021-06-23T15:29:09.366682067Z,2021-06-23T14:32:40Z,0.6217616580311381,usage_system,cpu,cpu-total,MyLord
,,1,2021-06-23T14:29:09.366682067Z,2021-06-23T15:29:09.366682067Z,2021-06-23T14:32:50Z,0.31282586027094517,usage_system,cpu,cpu-total,MyLord
,,1,2021-06-23T14:29:09.366682067Z,2021-06-23T15:29:09.366682067Z,2021-06-23T14:33:00Z,1.5624999999988158,usage_system,cpu,cpu-total,MyLord
,,1,2021-06-23T14:29:09.366682067Z,2021-06-23T15:29:09.366682067Z,2021-06-23T14:33:10Z,0.8298755186726738,usage_system,cpu,cpu-total,MyLord
,,1,2021-06-23T14:29:09.366682067Z,2021-06-23T15:29:09.366682067Z,2021-06-23T14:33:20Z,0.518134715025748,usage_system,cpu,cpu-total,MyLord
,,1,2021-06-23T14:29:09.366682067Z,2021-06-23T15:29:09.366682067Z,2021-06-23T14:33:30Z,0.517598343686599,usage_system,cpu,cpu-total,MyLord
,,1,2021-06-23T14:29:09.366682067Z,2021-06-23T15:29:09.366682067Z,2021-06-23T14:33:40Z,0.8290155440399467,usage_system,cpu,cpu-total,MyLord
,,1,2021-06-23T14:29:09.366682067Z,2021-06-23T15:29:09.366682067Z,2021-06-23T14:33:50Z,0.41322314049696457,usage_system,cpu,cpu-total,MyLord
,,1,2021-06-23T14:29:09.366682067Z,2021-06-23T15:29:09.366682067Z,2021-06-23T14:34:00Z,0.41450777201997335,usage_system,cpu,cpu-total,MyLord
,,1,2021-06-23T14:29:09.366682067Z,2021-06-23T15:29:09.366682067Z,2021-06-23T14:34:10Z,0.7284079084291964,usage_system,cpu,cpu-total,MyLord
,,1,2021-06-23T14:29:09.366682067Z,2021-06-23T15:29:09.366682067Z,2021-06-23T14:34:20Z,0.6256517205418903,usage_system,cpu,cpu-total,MyLord
,,1,2021-06-23T14:29:09.366682067Z,2021-06-23T15:29:09.366682067Z,2021-06-23T14:34:30Z,0.7276507276504992,usage_system,cpu,cpu-total,MyLord
,,1,2021-06-23T14:29:09.366682067Z,2021-06-23T15:29:09.366682067Z,2021-06-23T14:34:40Z,0.4153686396677541,usage_system,cpu,cpu-total,MyLord
,,1,2021-06-23T14:29:09.366682067Z,2021-06-23T15:29:09.366682067Z,2021-06-23T14:34:50Z,0.4123711340197486,usage_system,cpu,cpu-total,MyLord
,,1,2021-06-23T14:29:09.366682067Z,2021-06-23T15:29:09.366682067Z,2021-06-23T14:35:00Z,0.41322314049696457,usage_system,cpu,cpu-total,MyLord
,,1,2021-06-23T14:29:09.366682067Z,2021-06-23T15:29:09.366682067Z,2021-06-23T14:35:10Z,0.727650727650418,usage_system,cpu,cpu-total,MyLord
,,1,2021-06-23T14:29:09.366682067Z,2021-06-23T15:29:09.366682067Z,2021-06-23T14:35:20Z,0.7284079084291964,usage_system,cpu,cpu-total,MyLord
,,1,2021-06-23T14:29:09.366682067Z,2021-06-23T15:29:09.366682067Z,2021-06-23T14:35:30Z,0.6230529595006897,usage_system,cpu,cpu-total,MyLord
,,1,2021-06-23T14:29:09.366682067Z,2021-06-23T15:29:09.366682067Z,2021-06-23T14:35:40Z,0.4153686396677541,usage_system,cpu,cpu-total,MyLord
,,1,2021-06-23T14:29:09.366682067Z,2021-06-23T15:29:09.366682067Z,2021-06-23T14:35:50Z,0.6237006237015401,usage_system,cpu,cpu-total,MyLord
,,1,2021-06-23T14:29:09.366682067Z,2021-06-23T15:29:09.366682067Z,2021-06-23T14:36:00Z,0.4188481675381202,usage_system,cpu,cpu-total,MyLord
,,1,2021-06-23T14:29:09.366682067Z,2021-06-23T15:29:09.366682067Z,2021-06-23T14:36:10Z,0.8333333333345175,usage_system,cpu,cpu-total,MyLord
,,1,2021-06-23T14:29:09.366682067Z,2021-06-23T15:29:09.366682067Z,2021-06-23T14:36:20Z,0.5186721991689012,usage_system,cpu,cpu-total,MyLord
,,1,2021-06-23T14:29:09.366682067Z,2021-06-23T15:29:09.366682067Z,2021-06-23T14:36:30Z,0.41536863966956233,usage_system,cpu,cpu-total,MyLord
,,1,2021-06-23T14:29:09.366682067Z,2021-06-23T15:29:09.366682067Z,2021-06-23T14:36:40Z,0.7276507276482167,usage_system,cpu,cpu-total,MyLord
,,1,2021-06-23T14:29:09.366682067Z,2021-06-23T15:29:09.366682067Z,2021-06-23T14:36:50Z,0.8324661810630304,usage_system,cpu,cpu-total,MyLord
,,1,2021-06-23T14:29:09.366682067Z,2021-06-23T15:29:09.366682067Z,2021-06-23T14:37:00Z,0.4158004157996099,usage_system,cpu,cpu-total,MyLord
,,1,2021-06-23T14:29:09.366682067Z,2021-06-23T15:29:09.366682067Z,2021-06-23T14:37:10Z,0.6243496357975685,usage_system,cpu,cpu-total,MyLord
,,1,2021-06-23T14:29:09.366682067Z,2021-06-23T15:29:09.366682067Z,2021-06-23T14:37:20Z,0.6249999999990526,usage_system,cpu,cpu-total,MyLord
,,1,2021-06-23T14:29:09.366682067Z,2021-06-23T15:29:09.366682067Z,2021-06-23T14:37:30Z,0.8298755186714211,usage_system,cpu,cpu-total,MyLord
,,1,2021-06-23T14:29:09.366682067Z,2021-06-23T15:29:09.366682067Z,2021-06-23T14:37:40Z,0.3112033195022802,usage_system,cpu,cpu-total,MyLord
,,1,2021-06-23T14:29:09.366682067Z,2021-06-23T15:29:09.366682067Z,2021-06-23T14:37:50Z,0.620475698034708,usage_system,cpu,cpu-total,MyLord
,,1,2021-06-23T14:29:09.366682067Z,2021-06-23T15:29:09.366682067Z,2021-06-23T14:38:00Z,0.7291666666667456,usage_system,cpu,cpu-total,MyLord
,,1,2021-06-23T14:29:09.366682067Z,2021-06-23T15:29:09.366682067Z,2021-06-23T14:38:10Z,1.0405827263269165,usage_system,cpu,cpu-total,MyLord
,,1,2021-06-23T14:29:09.366682067Z,2021-06-23T15:29:09.366682067Z,2021-06-23T14:38:20Z,1.0438413361169574,usage_system,cpu,cpu-total,MyLord
,,1,2021-06-23T14:29:09.366682067Z,2021-06-23T15:29:09.366682067Z,2021-06-23T14:38:30Z,0.8324661810605868,usage_system,cpu,cpu-total,MyLord
,,1,2021-06-23T14:29:09.366682067Z,2021-06-23T15:29:09.366682067Z,2021-06-23T14:38:40Z,0.6243496357966232,usage_system,cpu,cpu-total,MyLord
,,1,2021-06-23T14:29:09.366682067Z,2021-06-23T15:29:09.366682067Z,2021-06-23T14:38:50Z,1.041666666667851,usage_system,cpu,cpu-total,MyLord
,,1,2021-06-23T14:29:09.366682067Z,2021-06-23T15:29:09.366682067Z,2021-06-23T14:39:00Z,1.2474012474007168,usage_system,cpu,cpu-total,MyLord
,,1,2021-06-23T14:29:09.366682067Z,2021-06-23T15:29:09.366682067Z,2021-06-23T14:39:10Z,0.8359456635304169,usage_system,cpu,cpu-total,MyLord
,,1,2021-06-23T14:29:09.366682067Z,2021-06-23T15:29:09.366682067Z,2021-06-23T14:39:20Z,0.7291666666678509,usage_system,cpu,cpu-total,MyLord
,,1,2021-06-23T14:29:09.366682067Z,2021-06-23T15:29:09.366682067Z,2021-06-23T14:39:30Z,1.0427528675698172,usage_system,cpu,cpu-total,MyLord
,,1,2021-06-23T14:29:09.366682067Z,2021-06-23T15:29:09.366682067Z,2021-06-23T14:39:40Z,0.7253886010361315,usage_system,cpu,cpu-total,MyLord
,,1,2021-06-23T14:29:09.366682067Z,2021-06-23T15:29:09.366682067Z,2021-06-23T14:39:50Z,1.0362694300542368,usage_system,cpu,cpu-total,MyLord
,,1,2021-06-23T14:29:09.366682067Z,2021-06-23T15:29:09.366682067Z,2021-06-23T14:40:00Z,1.0362694300511115,usage_system,cpu,cpu-total,MyLord
,,1,2021-06-23T14:29:09.366682067Z,2021-06-23T15:29:09.366682067Z,2021-06-23T14:40:10Z,0.8359456635305,usage_system,cpu,cpu-total,MyLord
,,1,2021-06-23T14:29:09.366682067Z,2021-06-23T15:29:09.366682067Z,2021-06-23T14:40:20Z,0.8342022940570393,usage_system,cpu,cpu-total,MyLord
,,1,2021-06-23T14:29:09.366682067Z,2021-06-23T15:29:09.366682067Z,2021-06-23T14:40:30Z,0.626959247647875,usage_system,cpu,cpu-total,MyLord
,,1,2021-06-23T14:29:09.366682067Z,2021-06-23T15:29:09.366682067Z,2021-06-23T14:40:40Z,1.1458333333345176,usage_system,cpu,cpu-total,MyLord
,,1,2021-06-23T14:29:09.366682067Z,2021-06-23T15:29:09.366682067Z,2021-06-23T14:40:50Z,0.9374999999997632,usage_system,cpu,cpu-total,MyLord
,,1,2021-06-23T14:29:09.366682067Z,2021-06-23T15:29:09.366682067Z,2021-06-23T14:41:00Z,0.7299270073000576,usage_system,cpu,cpu-total,MyLord
,,1,2021-06-23T14:29:09.366682067Z,2021-06-23T15:29:09.366682067Z,2021-06-23T14:41:10Z,0.7268951194185698,usage_system,cpu,cpu-total,MyLord
,,1,2021-06-23T14:29:09.366682067Z,2021-06-23T15:29:09.366682067Z,2021-06-23T14:41:20Z,1.1470281543279843,usage_system,cpu,cpu-total,MyLord
,,1,2021-06-23T14:29:09.366682067Z,2021-06-23T15:29:09.366682067Z,2021-06-23T14:41:30Z,0.9355509355503041,usage_system,cpu,cpu-total,MyLord
,,1,2021-06-23T14:29:09.366682067Z,2021-06-23T15:29:09.366682067Z,2021-06-23T14:41:40Z,1.0373443983405475,usage_system,cpu,cpu-total,MyLord
,,1,2021-06-23T14:29:09.366682067Z,2021-06-23T15:29:09.366682067Z,2021-06-23T14:41:50Z,0.7322175732201551,usage_system,cpu,cpu-total,MyLord
,,1,2021-06-23T14:29:09.366682067Z,2021-06-23T15:29:09.366682067Z,2021-06-23T14:42:00Z,0.7276507276527006,usage_system,cpu,cpu-total,MyLord
,,1,2021-06-23T14:29:09.366682067Z,2021-06-23T15:29:09.366682067Z,2021-06-23T14:42:10Z,0.93264248704494,usage_system,cpu,cpu-total,MyLord
,,1,2021-06-23T14:29:09.366682067Z,2021-06-23T15:29:09.366682067Z,2021-06-23T14:42:20Z,0.6230529595028117,usage_system,cpu,cpu-total,MyLord
,,1,2021-06-23T14:29:09.366682067Z,2021-06-23T15:29:09.366682067Z,2021-06-23T14:42:30Z,0.9404388714715705,usage_system,cpu,cpu-total,MyLord
,,1,2021-06-23T14:29:09.366682067Z,2021-06-23T15:29:09.366682067Z,2021-06-23T14:42:40Z,0.7268951194185698,usage_system,cpu,cpu-total,MyLord
,,1,2021-06-23T14:29:09.366682067Z,2021-06-23T15:29:09.366682067Z,2021-06-23T14:42:50Z,1.2565445026174658,usage_system,cpu,cpu-total,MyLord
,,1,2021-06-23T14:29:09.366682067Z,2021-06-23T15:29:09.366682067Z,2021-06-23T14:43:00Z,1.2486992715920633,usage_system,cpu,cpu-total,MyLord
,,1,2021-06-23T14:29:09.366682067Z,2021-06-23T15:29:09.366682067Z,2021-06-23T14:43:10Z,0.6250000000011843,usage_system,cpu,cpu-total,MyLord
,,1,2021-06-23T14:29:09.366682067Z,2021-06-23T15:29:09.366682067Z,2021-06-23T14:43:20Z,0.9365244536917421,usage_system,cpu,cpu-total,MyLord
,,1,2021-06-23T14:29:09.366682067Z,2021-06-23T15:29:09.366682067Z,2021-06-23T14:43:30Z,0.6269592476500163,usage_system,cpu,cpu-total,MyLord
,,1,2021-06-23T14:29:09.366682067Z,2021-06-23T15:29:09.366682067Z,2021-06-23T14:43:40Z,0.6269592476488284,usage_system,cpu,cpu-total,MyLord
,,1,2021-06-23T14:29:09.366682067Z,2021-06-23T15:29:09.366682067Z,2021-06-23T14:43:50Z,0.9336099585066107,usage_system,cpu,cpu-total,MyLord
,,1,2021-06-23T14:29:09.366682067Z,2021-06-23T15:29:09.366682067Z,2021-06-23T14:44:00Z,0.9365244536943432,usage_system,cpu,cpu-total,MyLord
,,1,2021-06-23T14:29:09.366682067Z,2021-06-23T15:29:09.366682067Z,2021-06-23T14:44:10Z,0.8333333333320702,usage_system,cpu,cpu-total,MyLord
,,1,2021-06-23T14:29:09.366682067Z,2021-06-23T15:29:09.366682067Z,2021-06-23T14:44:20Z,0.8316008316016595,usage_system,cpu,cpu-total,MyLord
,,1,2021-06-23T14:29:09.366682067Z,2021-06-23T15:29:09.366682067Z,2021-06-23T14:44:30Z,0.8350730688938032,usage_system,cpu,cpu-total,MyLord
,,1,2021-06-23T14:29:09.366682067Z,2021-06-23T15:29:09.366682067Z,2021-06-23T14:44:40Z,0.9365244536931602,usage_system,cpu,cpu-total,MyLord
,,1,2021-06-23T14:29:09.366682067Z,2021-06-23T15:29:09.366682067Z,2021-06-23T14:44:50Z,1.2474012474018985,usage_system,cpu,cpu-total,MyLord
,,1,2021-06-23T14:29:09.366682067Z,2021-06-23T15:29:09.366682067Z,2021-06-23T14:45:00Z,0.9394572025053802,usage_system,cpu,cpu-total,MyLord
,,1,2021-06-23T14:29:09.366682067Z,2021-06-23T15:29:09.366682067Z,2021-06-23T14:45:10Z,0.9355509355503041,usage_system,cpu,cpu-total,MyLord
,,1,2021-06-23T14:29:09.366682067Z,2021-06-23T15:29:09.366682067Z,2021-06-23T14:45:20Z,0.9394572025056206,usage_system,cpu,cpu-total,MyLord
,,1,2021-06-23T14:29:09.366682067Z,2021-06-23T15:29:09.366682067Z,2021-06-23T14:45:30Z,0.7306889352811162,usage_system,cpu,cpu-total,MyLord
,,1,2021-06-23T14:29:09.366682067Z,2021-06-23T15:29:09.366682067Z,2021-06-23T14:45:40Z,0.9424083769648329,usage_system,cpu,cpu-total,MyLord
,,1,2021-06-23T14:29:09.366682067Z,2021-06-23T15:29:09.366682067Z,2021-06-23T14:45:50Z,0.7322175732212697,usage_system,cpu,cpu-total,MyLord
,,1,2021-06-23T14:29:09.366682067Z,2021-06-23T15:29:09.366682067Z,2021-06-23T14:46:00Z,0.9374999999997632,usage_system,cpu,cpu-total,MyLord
,,1,2021-06-23T14:29:09.366682067Z,2021-06-23T15:29:09.366682067Z,2021-06-23T14:46:10Z,1.039501039501779,usage_system,cpu,cpu-total,MyLord
,,1,2021-06-23T14:29:09.366682067Z,2021-06-23T15:29:09.366682067Z,2021-06-23T14:46:20Z,0.9355509355505375,usage_system,cpu,cpu-total,MyLord
,,1,2021-06-23T14:29:09.366682067Z,2021-06-23T15:29:09.366682067Z,2021-06-23T14:46:30Z,0.6282722513093281,usage_system,cpu,cpu-total,MyLord
,,1,2021-06-23T14:29:09.366682067Z,2021-06-23T15:29:09.366682067Z,2021-06-23T14:46:40Z,1.0449320794159018,usage_system,cpu,cpu-total,MyLord
,,1,2021-06-23T14:29:09.366682067Z,2021-06-23T15:29:09.366682067Z,2021-06-23T14:46:50Z,1.2513034410830675,usage_system,cpu,cpu-total,MyLord
,,1,2021-06-23T14:29:09.366682067Z,2021-06-23T15:29:09.366682067Z,2021-06-23T14:47:00Z,0.626959247647875,usage_system,cpu,cpu-total,MyLord
,,1,2021-06-23T14:29:09.366682067Z,2021-06-23T15:29:09.366682067Z,2021-06-23T14:47:10Z,0.5192107995850886,usage_system,cpu,cpu-total,MyLord
,,1,2021-06-23T14:29:09.366682067Z,2021-06-23T15:29:09.366682067Z,2021-06-23T14:47:20Z,1.141078838173305,usage_system,cpu,cpu-total,MyLord
,,1,2021-06-23T14:29:09.366682067Z,2021-06-23T15:29:09.366682067Z,2021-06-23T14:47:30Z,0.5202913631648376,usage_system,cpu,cpu-total,MyLord
,,1,2021-06-23T14:29:09.366682067Z,2021-06-23T15:29:09.366682067Z,2021-06-23T14:47:40Z,0.6263048016694623,usage_system,cpu,cpu-total,MyLord
,,1,2021-06-23T14:29:09.366682067Z,2021-06-23T15:29:09.366682067Z,2021-06-23T14:47:50Z,0.5197505197514805,usage_system,cpu,cpu-total,MyLord
,,1,2021-06-23T14:29:09.366682067Z,2021-06-23T15:29:09.366682067Z,2021-06-23T14:48:00Z,0.7276507276493174,usage_system,cpu,cpu-total,MyLord
,,1,2021-06-23T14:29:09.366682067Z,2021-06-23T15:29:09.366682067Z,2021-06-23T14:48:10Z,0.415368639668307,usage_system,cpu,cpu-total,MyLord
,,1,2021-06-23T14:29:09.366682067Z,2021-06-23T15:29:09.366682067Z,2021-06-23T14:48:20Z,0.5202913631636547,usage_system,cpu,cpu-total,MyLord
,,1,2021-06-23T14:29:09.366682067Z,2021-06-23T15:29:09.366682067Z,2021-06-23T14:48:30Z,0.41710114702729395,usage_system,cpu,cpu-total,MyLord
,,1,2021-06-23T14:29:09.366682067Z,2021-06-23T15:29:09.366682067Z,2021-06-23T14:48:40Z,0.7276507276515999,usage_system,cpu,cpu-total,MyLord
,,1,2021-06-23T14:29:09.366682067Z,2021-06-23T15:29:09.366682067Z,2021-06-23T14:48:50Z,1.2513034410849662,usage_system,cpu,cpu-total,MyLord
,,1,2021-06-23T14:29:09.366682067Z,2021-06-23T15:29:09.366682067Z,2021-06-23T14:49:00Z,0.8324661810617698,usage_system,cpu,cpu-total,MyLord
,,1,2021-06-23T14:29:09.366682067Z,2021-06-23T15:29:09.366682067Z,2021-06-23T14:49:10Z,0.9394572025041935,usage_system,cpu,cpu-total,MyLord
,,1,2021-06-23T14:29:09.366682067Z,2021-06-23T15:29:09.366682067Z,2021-06-23T14:49:20Z,1.0373443983405475,usage_system,cpu,cpu-total,MyLord
,,1,2021-06-23T14:29:09.366682067Z,2021-06-23T15:29:09.366682067Z,2021-06-23T14:49:30Z,1.3527575442246367,usage_system,cpu,cpu-total,MyLord
,,1,2021-06-23T14:29:09.366682067Z,2021-06-23T15:29:09.366682067Z,2021-06-23T14:49:40Z,1.5592515592520777,usage_system,cpu,cpu-total,MyLord
,,1,2021-06-23T14:29:09.366682067Z,2021-06-23T15:29:09.366682067Z,2021-06-23T14:49:50Z,0.8342022940557734,usage_system,cpu,cpu-total,MyLord
,,1,2021-06-23T14:29:09.366682067Z,2021-06-23T15:29:09.366682067Z,2021-06-23T14:50:00Z,1.3513513513519582,usage_system,cpu,cpu-total,MyLord
,,1,2021-06-23T14:29:09.366682067Z,2021-06-23T15:29:09.366682067Z,2021-06-23T14:50:10Z,1.2605042016821073,usage_system,cpu,cpu-total,MyLord
,,1,2021-06-23T14:29:09.366682067Z,2021-06-23T15:29:09.366682067Z,2021-06-23T14:50:20Z,0.9394572025053802,usage_system,cpu,cpu-total,MyLord
,,1,2021-06-23T14:29:09.366682067Z,2021-06-23T15:29:09.366682067Z,2021-06-23T14:50:30Z,0.7261410788364616,usage_system,cpu,cpu-total,MyLord
,,1,2021-06-23T14:29:09.366682067Z,2021-06-23T15:29:09.366682067Z,2021-06-23T14:50:40Z,1.4644351464437286,usage_system,cpu,cpu-total,MyLord
,,1,2021-06-23T14:29:09.366682067Z,2021-06-23T15:29:09.366682067Z,2021-06-23T14:50:50Z,0.8333333333345175,usage_system,cpu,cpu-total,MyLord
,,1,2021-06-23T14:29:09.366682067Z,2021-06-23T15:29:09.366682067Z,2021-06-23T14:51:00Z,1.4537902388361232,usage_system,cpu,cpu-total,MyLord
,,1,2021-06-23T14:29:09.366682067Z,2021-06-23T15:29:09.366682067Z,2021-06-23T14:51:10Z,0.8359456635329591,usage_system,cpu,cpu-total,MyLord
,,1,2021-06-23T14:29:09.366682067Z,2021-06-23T15:29:09.366682067Z,2021-06-23T14:51:20Z,1.14464099895949,usage_system,cpu,cpu-total,MyLord
,,1,2021-06-23T14:29:09.366682067Z,2021-06-23T15:29:09.366682067Z,2021-06-23T14:51:30Z,1.3499480789193417,usage_system,cpu,cpu-total,MyLord
,,1,2021-06-23T14:29:09.366682067Z,2021-06-23T15:29:09.366682067Z,2021-06-23T14:51:40Z,1.042752867568235,usage_system,cpu,cpu-total,MyLord
,,1,2021-06-23T14:29:09.366682067Z,2021-06-23T15:29:09.366682067Z,2021-06-23T14:51:50Z,1.1458333333345176,usage_system,cpu,cpu-total,MyLord
,,1,2021-06-23T14:29:09.366682067Z,2021-06-23T15:29:09.366682067Z,2021-06-23T14:52:00Z,0.5170630816967656,usage_system,cpu,cpu-total,MyLord
,,1,2021-06-23T14:29:09.366682067Z,2021-06-23T15:29:09.366682067Z,2021-06-23T14:52:10Z,0.5181347150249667,usage_system,cpu,cpu-total,MyLord
,,1,2021-06-23T14:29:09.366682067Z,2021-06-23T15:29:09.366682067Z,2021-06-23T14:52:20Z,0.7337526205460901,usage_system,cpu,cpu-total,MyLord
,,1,2021-06-23T14:29:09.366682067Z,2021-06-23T15:29:09.366682067Z,2021-06-23T14:52:30Z,0.9365244536931602,usage_system,cpu,cpu-total,MyLord
,,1,2021-06-23T14:29:09.366682067Z,2021-06-23T15:29:09.366682067Z,2021-06-23T14:52:40Z,0.6263048016706491,usage_system,cpu,cpu-total,MyLord
,,1,2021-06-23T14:29:09.366682067Z,2021-06-23T15:29:09.366682067Z,2021-06-23T14:52:50Z,0.5186721991696841,usage_system,cpu,cpu-total,MyLord
,,1,2021-06-23T14:29:09.366682067Z,2021-06-23T15:29:09.366682067Z,2021-06-23T14:53:00Z,0.521920668059072,usage_system,cpu,cpu-total,MyLord
,,1,2021-06-23T14:29:09.366682067Z,2021-06-23T15:29:09.366682067Z,2021-06-23T14:53:10Z,0.6243496357954401,usage_system,cpu,cpu-total,MyLord
,,1,2021-06-23T14:29:09.366682067Z,2021-06-23T15:29:09.366682067Z,2021-06-23T14:53:20Z,1.2526096033420142,usage_system,cpu,cpu-total,MyLord
,,1,2021-06-23T14:29:09.366682067Z,2021-06-23T15:29:09.366682067Z,2021-06-23T14:53:30Z,0.9287925696581533,usage_system,cpu,cpu-total,MyLord
,,1,2021-06-23T14:29:09.366682067Z,2021-06-23T15:29:09.366682067Z,2021-06-23T14:53:40Z,0.6237006237013019,usage_system,cpu,cpu-total,MyLord
,,1,2021-06-23T14:29:09.366682067Z,2021-06-23T15:29:09.366682067Z,2021-06-23T14:53:50Z,0.41623309053147645,usage_system,cpu,cpu-total,MyLord
,,1,2021-06-23T14:29:09.366682067Z,2021-06-23T15:29:09.366682067Z,2021-06-23T14:54:00Z,0.4158004157996099,usage_system,cpu,cpu-total,MyLord
,,1,2021-06-23T14:29:09.366682067Z,2021-06-23T15:29:09.366682067Z,2021-06-23T14:54:10Z,0.41841004184072556,usage_system,cpu,cpu-total,MyLord
,,1,2021-06-23T14:29:09.366682067Z,2021-06-23T15:29:09.366682067Z,2021-06-23T14:54:20Z,0.5224660397085449,usage_system,cpu,cpu-total,MyLord
,,1,2021-06-23T14:29:09.366682067Z,2021-06-23T15:29:09.366682067Z,2021-06-23T14:54:30Z,0.4166666666660351,usage_system,cpu,cpu-total,MyLord
,,1,2021-06-23T14:29:09.366682067Z,2021-06-23T15:29:09.366682067Z,2021-06-23T14:54:40Z,0.6237006237003584,usage_system,cpu,cpu-total,MyLord
,,1,2021-06-23T14:29:09.366682067Z,2021-06-23T15:29:09.366682067Z,2021-06-23T14:54:50Z,0.6243496357966232,usage_system,cpu,cpu-total,MyLord
,,1,2021-06-23T14:29:09.366682067Z,2021-06-23T15:29:09.366682067Z,2021-06-23T14:55:00Z,0.5192107995831234,usage_system,cpu,cpu-total,MyLord
,,1,2021-06-23T14:29:09.366682067Z,2021-06-23T15:29:09.366682067Z,2021-06-23T14:55:10Z,0.7291666666678509,usage_system,cpu,cpu-total,MyLord
,,1,2021-06-23T14:29:09.366682067Z,2021-06-23T15:29:09.366682067Z,2021-06-23T14:55:20Z,1.6477857878486348,usage_system,cpu,cpu-total,MyLord
,,1,2021-06-23T14:29:09.366682067Z,2021-06-23T15:29:09.366682067Z,2021-06-23T14:55:30Z,1.2435233160610981,usage_system,cpu,cpu-total,MyLord
,,1,2021-06-23T14:29:09.366682067Z,2021-06-23T15:29:09.366682067Z,2021-06-23T14:55:40Z,1.1470281543279843,usage_system,cpu,cpu-total,MyLord
,,1,2021-06-23T14:29:09.366682067Z,2021-06-23T15:29:09.366682067Z,2021-06-23T14:55:50Z,1.2461059190025598,usage_system,cpu,cpu-total,MyLord
,,1,2021-06-23T14:29:09.366682067Z,2021-06-23T15:29:09.366682067Z,2021-06-23T14:56:00Z,1.0427528675710027,usage_system,cpu,cpu-total,MyLord
,,1,2021-06-23T14:29:09.366682067Z,2021-06-23T15:29:09.366682067Z,2021-06-23T14:56:10Z,0.9414225941428217,usage_system,cpu,cpu-total,MyLord
,,1,2021-06-23T14:29:09.366682067Z,2021-06-23T15:29:09.366682067Z,2021-06-23T14:56:20Z,0.9424083769622065,usage_system,cpu,cpu-total,MyLord
,,1,2021-06-23T14:29:09.366682067Z,2021-06-23T15:29:09.366682067Z,2021-06-23T14:56:30Z,1.1375387797314738,usage_system,cpu,cpu-total,MyLord
,,1,2021-06-23T14:29:09.366682067Z,2021-06-23T15:29:09.366682067Z,2021-06-23T14:56:40Z,0.9384775808125969,usage_system,cpu,cpu-total,MyLord
,,1,2021-06-23T14:29:09.366682067Z,2021-06-23T15:29:09.366682067Z,2021-06-23T14:56:50Z,1.1410788381762067,usage_system,cpu,cpu-total,MyLord
,,1,2021-06-23T14:29:09.366682067Z,2021-06-23T15:29:09.366682067Z,2021-06-23T14:57:00Z,0.7284079084269105,usage_system,cpu,cpu-total,MyLord
,,1,2021-06-23T14:29:09.366682067Z,2021-06-23T15:29:09.366682067Z,2021-06-23T14:57:10Z,1.649484536083813,usage_system,cpu,cpu-total,MyLord
,,1,2021-06-23T14:29:09.366682067Z,2021-06-23T15:29:09.366682067Z,2021-06-23T14:57:20Z,1.6528925619843349,usage_system,cpu,cpu-total,MyLord
,,1,2021-06-23T14:29:09.366682067Z,2021-06-23T15:29:09.366682067Z,2021-06-23T14:57:30Z,0.7329842931928272,usage_system,cpu,cpu-total,MyLord
,,1,2021-06-23T14:29:09.366682067Z,2021-06-23T15:29:09.366682067Z,2021-06-23T14:57:40Z,1.1494252873573731,usage_system,cpu,cpu-total,MyLord
,,1,2021-06-23T14:29:09.366682067Z,2021-06-23T15:29:09.366682067Z,2021-06-23T14:57:50Z,1.2435233160610981,usage_system,cpu,cpu-total,MyLord
,,1,2021-06-23T14:29:09.366682067Z,2021-06-23T15:29:09.366682067Z,2021-06-23T14:58:00Z,1.0384215991705659,usage_system,cpu,cpu-total,MyLord
,,1,2021-06-23T14:29:09.366682067Z,2021-06-23T15:29:09.366682067Z,2021-06-23T14:58:10Z,0.9336099585052013,usage_system,cpu,cpu-total,MyLord
,,1,2021-06-23T14:29:09.366682067Z,2021-06-23T15:29:09.366682067Z,2021-06-23T14:58:20Z,1.1434511434518388,usage_system,cpu,cpu-total,MyLord
,,1,2021-06-23T14:29:09.366682067Z,2021-06-23T15:29:09.366682067Z,2021-06-23T14:58:30Z,1.0405827263257335,usage_system,cpu,cpu-total,MyLord
,,1,2021-06-23T14:29:09.366682067Z,2021-06-23T15:29:09.366682067Z,2021-06-23T14:58:40Z,1.14464099895949,usage_system,cpu,cpu-total,MyLord
,,1,2021-06-23T14:29:09.366682067Z,2021-06-23T15:29:09.366682067Z,2021-06-23T14:58:50Z,1.1363636363645973,usage_system,cpu,cpu-total,MyLord
,,1,2021-06-23T14:29:09.366682067Z,2021-06-23T15:29:09.366682067Z,2021-06-23T14:59:00Z,0.8290155440411248,usage_system,cpu,cpu-total,MyLord
,,1,2021-06-23T14:29:09.366682067Z,2021-06-23T15:29:09.366682067Z,2021-06-23T14:59:10Z,0.9336099585066107,usage_system,cpu,cpu-total,MyLord
,,1,2021-06-23T14:29:09.366682067Z,2021-06-23T15:29:09.366682067Z,2021-06-23T14:59:20Z,0.6269592476488284,usage_system,cpu,cpu-total,MyLord
,,1,2021-06-23T14:29:09.366682067Z,2021-06-23T15:29:09.366682067Z,2021-06-23T14:59:30Z,1.0319917440660342,usage_system,cpu,cpu-total,MyLord
,,1,2021-06-23T14:29:09.366682067Z,2021-06-23T15:29:09.366682067Z,2021-06-23T14:59:40Z,1.4418125643677018,usage_system,cpu,cpu-total,MyLord
,,1,2021-06-23T14:29:09.366682067Z,2021-06-23T15:29:09.366682067Z,2021-06-23T14:59:50Z,1.1458333333327806,usage_system,cpu,cpu-total,MyLord
,,1,2021-06-23T14:29:09.366682067Z,2021-06-23T15:29:09.366682067Z,2021-06-23T15:00:00Z,1.2486992715920633,usage_system,cpu,cpu-total,MyLord
,,1,2021-06-23T14:29:09.366682067Z,2021-06-23T15:29:09.366682067Z,2021-06-23T15:00:10Z,1.0362694300526742,usage_system,cpu,cpu-total,MyLord
,,1,2021-06-23T14:29:09.366682067Z,2021-06-23T15:29:09.366682067Z,2021-06-23T15:00:20Z,1.0460251046018139,usage_system,cpu,cpu-total,MyLord
,,1,2021-06-23T14:29:09.366682067Z,2021-06-23T15:29:09.366682067Z,2021-06-23T15:00:30Z,1.0395010395002067,usage_system,cpu,cpu-total,MyLord
,,1,2021-06-23T14:29:09.366682067Z,2021-06-23T15:29:09.366682067Z,2021-06-23T15:00:40Z,1.0384215991689967,usage_system,cpu,cpu-total,MyLord
,,1,2021-06-23T14:29:09.366682067Z,2021-06-23T15:29:09.366682067Z,2021-06-23T15:00:50Z,1.348547717842358,usage_system,cpu,cpu-total,MyLord
,,1,2021-06-23T14:29:09.366682067Z,2021-06-23T15:29:09.366682067Z,2021-06-23T15:01:00Z,1.0362694300526742,usage_system,cpu,cpu-total,MyLord
,,1,2021-06-23T14:29:09.366682067Z,2021-06-23T15:29:09.366682067Z,2021-06-23T15:01:10Z,0.9374999999997632,usage_system,cpu,cpu-total,MyLord
,,1,2021-06-23T14:29:09.366682067Z,2021-06-23T15:29:09.366682067Z,2021-06-23T15:01:20Z,1.143451143450657,usage_system,cpu,cpu-total,MyLord
,,1,2021-06-23T14:29:09.366682067Z,2021-06-23T15:29:09.366682067Z,2021-06-23T15:01:30Z,1.452282157677474,usage_system,cpu,cpu-total,MyLord
,,1,2021-06-23T14:29:09.366682067Z,2021-06-23T15:29:09.366682067Z,2021-06-23T15:01:40Z,0.9316770186323562,usage_system,cpu,cpu-total,MyLord
,,1,2021-06-23T14:29:09.366682067Z,2021-06-23T15:29:09.366682067Z,2021-06-23T15:01:50Z,1.0438413361169574,usage_system,cpu,cpu-total,MyLord
,,1,2021-06-23T14:29:09.366682067Z,2021-06-23T15:29:09.366682067Z,2021-06-23T15:02:00Z,1.2383900928790064,usage_system,cpu,cpu-total,MyLord
,,1,2021-06-23T14:29:09.366682067Z,2021-06-23T15:29:09.366682067Z,2021-06-23T15:02:10Z,0.8359456635329591,usage_system,cpu,cpu-total,MyLord
,,1,2021-06-23T14:29:09.366682067Z,2021-06-23T15:29:09.366682067Z,2021-06-23T15:02:20Z,1.3402061855673655,usage_system,cpu,cpu-total,MyLord
,,1,2021-06-23T14:29:09.366682067Z,2021-06-23T15:29:09.366682067Z,2021-06-23T15:02:30Z,0.7306889352810394,usage_system,cpu,cpu-total,MyLord
,,1,2021-06-23T14:29:09.366682067Z,2021-06-23T15:29:09.366682067Z,2021-06-23T15:02:40Z,2.3983315954129503,usage_system,cpu,cpu-total,MyLord
,,1,2021-06-23T14:29:09.366682067Z,2021-06-23T15:29:09.366682067Z,2021-06-23T15:02:50Z,0.9433962264146222,usage_system,cpu,cpu-total,MyLord
,,1,2021-06-23T14:29:09.366682067Z,2021-06-23T15:29:09.366682067Z,2021-06-23T15:03:00Z,0.8324661810605868,usage_system,cpu,cpu-total,MyLord
,,1,2021-06-23T14:29:09.366682067Z,2021-06-23T15:29:09.366682067Z,2021-06-23T15:03:10Z,1.13871635610739,usage_system,cpu,cpu-total,MyLord
,,1,2021-06-23T14:29:09.366682067Z,2021-06-23T15:29:09.366682067Z,2021-06-23T15:03:20Z,1.1470281543279843,usage_system,cpu,cpu-total,MyLord
,,1,2021-06-23T14:29:09.366682067Z,2021-06-23T15:29:09.366682067Z,2021-06-23T15:03:30Z,0.7284079084291964,usage_system,cpu,cpu-total,MyLord
,,1,2021-06-23T14:29:09.366682067Z,2021-06-23T15:29:09.366682067Z,2021-06-23T15:03:40Z,0.9375000000011843,usage_system,cpu,cpu-total,MyLord
,,1,2021-06-23T14:29:09.366682067Z,2021-06-23T15:29:09.366682067Z,2021-06-23T15:03:50Z,0.729927007298872,usage_system,cpu,cpu-total,MyLord
,,1,2021-06-23T14:29:09.366682067Z,2021-06-23T15:29:09.366682067Z,2021-06-23T15:04:00Z,1.041666666664693,usage_system,cpu,cpu-total,MyLord
,,1,2021-06-23T14:29:09.366682067Z,2021-06-23T15:29:09.366682067Z,2021-06-23T15:04:10Z,0.9404388714744305,usage_system,cpu,cpu-total,MyLord
,,1,2021-06-23T14:29:09.366682067Z,2021-06-23T15:29:09.366682067Z,2021-06-23T15:04:20Z,1.2396694214885449,usage_system,cpu,cpu-total,MyLord
,,1,2021-06-23T14:29:09.366682067Z,2021-06-23T15:29:09.366682067Z,2021-06-23T15:04:30Z,0.827300930712944,usage_system,cpu,cpu-total,MyLord
,,1,2021-06-23T14:29:09.366682067Z,2021-06-23T15:29:09.366682067Z,2021-06-23T15:04:40Z,1.2448132780084211,usage_system,cpu,cpu-total,MyLord
,,1,2021-06-23T14:29:09.366682067Z,2021-06-23T15:29:09.366682067Z,2021-06-23T15:04:50Z,1.450777202071085,usage_system,cpu,cpu-total,MyLord
,,1,2021-06-23T14:29:09.366682067Z,2021-06-23T15:29:09.366682067Z,2021-06-23T15:05:00Z,1.3429752066124923,usage_system,cpu,cpu-total,MyLord
,,1,2021-06-23T14:29:09.366682067Z,2021-06-23T15:29:09.366682067Z,2021-06-23T15:05:10Z,1.3499480789193417,usage_system,cpu,cpu-total,MyLord
,,1,2021-06-23T14:29:09.366682067Z,2021-06-23T15:29:09.366682067Z,2021-06-23T15:05:20Z,1.1351909184725202,usage_system,cpu,cpu-total,MyLord
,,1,2021-06-23T14:29:09.366682067Z,2021-06-23T15:29:09.366682067Z,2021-06-23T15:05:30Z,0.726141078838737,usage_system,cpu,cpu-total,MyLord
,,1,2021-06-23T14:29:09.366682067Z,2021-06-23T15:29:09.366682067Z,2021-06-23T15:05:40Z,0.7360672975812292,usage_system,cpu,cpu-total,MyLord
,,1,2021-06-23T14:29:09.366682067Z,2021-06-23T15:29:09.366682067Z,2021-06-23T15:05:50Z,1.139896373056105,usage_system,cpu,cpu-total,MyLord
,,1,2021-06-23T14:29:09.366682067Z,2021-06-23T15:29:09.366682067Z,2021-06-23T15:06:00Z,1.1398963730578238,usage_system,cpu,cpu-total,MyLord
,,1,2021-06-23T14:29:09.366682067Z,2021-06-23T15:29:09.366682067Z,2021-06-23T15:06:10Z,1.2474012474018985,usage_system,cpu,cpu-total,MyLord
,,1,2021-06-23T14:29:09.366682067Z,2021-06-23T15:29:09.366682067Z,2021-06-23T15:06:20Z,1.0405827263253409,usage_system,cpu,cpu-total,MyLord
,,1,2021-06-23T14:29:09.366682067Z,2021-06-23T15:29:09.366682067Z,2021-06-23T15:06:30Z,1.038421599172135,usage_system,cpu,cpu-total,MyLord
,,1,2021-06-23T14:29:09.366682067Z,2021-06-23T15:29:09.366682067Z,2021-06-23T15:06:40Z,0.9443861490009624,usage_system,cpu,cpu-total,MyLord
,,1,2021-06-23T14:29:09.366682067Z,2021-06-23T15:29:09.366682067Z,2021-06-23T15:06:50Z,0.8316008316016595,usage_system,cpu,cpu-total,MyLord
,,1,2021-06-23T14:29:09.366682067Z,2021-06-23T15:29:09.366682067Z,2021-06-23T15:07:00Z,1.0330578512390967,usage_system,cpu,cpu-total,MyLord
,,1,2021-06-23T14:29:09.366682067Z,2021-06-23T15:29:09.366682067Z,2021-06-23T15:07:10Z,1.45379023883832,usage_system,cpu,cpu-total,MyLord
,,1,2021-06-23T14:29:09.366682067Z,2021-06-23T15:29:09.366682067Z,2021-06-23T15:07:20Z,1.0405827263269165,usage_system,cpu,cpu-total,MyLord
,,1,2021-06-23T14:29:09.366682067Z,2021-06-23T15:29:09.366682067Z,2021-06-23T15:07:30Z,0.6282722513081377,usage_system,cpu,cpu-total,MyLord
,,1,2021-06-23T14:29:09.366682067Z,2021-06-23T15:29:09.366682067Z,2021-06-23T15:07:40Z,1.345755693581247,usage_system,cpu,cpu-total,MyLord
,,1,2021-06-23T14:29:09.366682067Z,2021-06-23T15:29:09.366682067Z,2021-06-23T15:07:50Z,0.7306889352822261,usage_system,cpu,cpu-total,MyLord
,,1,2021-06-23T14:29:09.366682067Z,2021-06-23T15:29:09.366682067Z,2021-06-23T15:08:00Z,1.135190918474225,usage_system,cpu,cpu-total,MyLord
,,1,2021-06-23T14:29:09.366682067Z,2021-06-23T15:29:09.366682067Z,2021-06-23T15:08:10Z,1.242236024842447,usage_system,cpu,cpu-total,MyLord
,,1,2021-06-23T14:29:09.366682067Z,2021-06-23T15:29:09.366682067Z,2021-06-23T15:08:20Z,1.0438413361157706,usage_system,cpu,cpu-total,MyLord
,,1,2021-06-23T14:29:09.366682067Z,2021-06-23T15:29:09.366682067Z,2021-06-23T15:08:30Z,0.9345794392536273,usage_system,cpu,cpu-total,MyLord
,,1,2021-06-23T14:29:09.366682067Z,2021-06-23T15:29:09.366682067Z,2021-06-23T15:08:40Z,0.938477580814021,usage_system,cpu,cpu-total,MyLord
,,1,2021-06-23T14:29:09.366682067Z,2021-06-23T15:29:09.366682067Z,2021-06-23T15:08:50Z,0.8307372793354335,usage_system,cpu,cpu-total,MyLord
,,1,2021-06-23T14:29:09.366682067Z,2021-06-23T15:29:09.366682067Z,2021-06-23T15:09:00Z,1.1387163561079285,usage_system,cpu,cpu-total,MyLord
,,1,2021-06-23T14:29:09.366682067Z,2021-06-23T15:29:09.366682067Z,2021-06-23T15:09:10Z,1.14464099895949,usage_system,cpu,cpu-total,MyLord
,,1,2021-06-23T14:29:09.366682067Z,2021-06-23T15:29:09.366682067Z,2021-06-23T15:09:20Z,0.6237006237005966,usage_system,cpu,cpu-total,MyLord
,,1,2021-06-23T14:29:09.366682067Z,2021-06-23T15:29:09.366682067Z,2021-06-23T15:09:30Z,0.9365244536943432,usage_system,cpu,cpu-total,MyLord
,,1,2021-06-23T14:29:09.366682067Z,2021-06-23T15:29:09.366682067Z,2021-06-23T15:09:40Z,1.0395010394990247,usage_system,cpu,cpu-total,MyLord
,,1,2021-06-23T14:29:09.366682067Z,2021-06-23T15:29:09.366682067Z,2021-06-23T15:09:50Z,0.8333333333345175,usage_system,cpu,cpu-total,MyLord
,,1,2021-06-23T14:29:09.366682067Z,2021-06-23T15:29:09.366682067Z,2021-06-23T15:10:00Z,1.1387163561091054,usage_system,cpu,cpu-total,MyLord
,,1,2021-06-23T14:29:09.366682067Z,2021-06-23T15:29:09.366682067Z,2021-06-23T15:10:10Z,1.444788441689809,usage_system,cpu,cpu-total,MyLord
,,1,2021-06-23T14:29:09.366682067Z,2021-06-23T15:29:09.366682067Z,2021-06-23T15:10:20Z,1.1398963730578238,usage_system,cpu,cpu-total,MyLord
,,1,2021-06-23T14:29:09.366682067Z,2021-06-23T15:29:09.366682067Z,2021-06-23T15:10:30Z,0.9365244536943432,usage_system,cpu,cpu-total,MyLord
,,1,2021-06-23T14:29:09.366682067Z,2021-06-23T15:29:09.366682067Z,2021-06-23T15:10:40Z,1.2474012474018985,usage_system,cpu,cpu-total,MyLord
,,1,2021-06-23T14:29:09.366682067Z,2021-06-23T15:29:09.366682067Z,2021-06-23T15:10:50Z,0.9365244536931602,usage_system,cpu,cpu-total,MyLord
,,1,2021-06-23T14:29:09.366682067Z,2021-06-23T15:29:09.366682067Z,2021-06-23T15:11:00Z,0.8316008316004017,usage_system,cpu,cpu-total,MyLord
,,1,2021-06-23T14:29:09.366682067Z,2021-06-23T15:29:09.366682067Z,2021-06-23T15:11:10Z,1.2435233160629733,usage_system,cpu,cpu-total,MyLord
,,1,2021-06-23T14:29:09.366682067Z,2021-06-23T15:29:09.366682067Z,2021-06-23T15:11:20Z,1.2474012474018985,usage_system,cpu,cpu-total,MyLord
,,1,2021-06-23T14:29:09.366682067Z,2021-06-23T15:29:09.366682067Z,2021-06-23T15:11:30Z,1.2396694214866812,usage_system,cpu,cpu-total,MyLord
,,1,2021-06-23T14:29:09.366682067Z,2021-06-23T15:29:09.366682067Z,2021-06-23T15:11:40Z,0.9345794392524468,usage_system,cpu,cpu-total,MyLord
,,1,2021-06-23T14:29:09.366682067Z,2021-06-23T15:29:09.366682067Z,2021-06-23T15:11:50Z,0.7314524555903754,usage_system,cpu,cpu-total,MyLord
,,1,2021-06-23T14:29:09.366682067Z,2021-06-23T15:29:09.366682067Z,2021-06-23T15:12:00Z,1.0405827263269165,usage_system,cpu,cpu-total,MyLord
,,1,2021-06-23T14:29:09.366682067Z,2021-06-23T15:29:09.366682067Z,2021-06-23T15:12:10Z,1.2474012474018985,usage_system,cpu,cpu-total,MyLord
,,1,2021-06-23T14:29:09.366682067Z,2021-06-23T15:29:09.366682067Z,2021-06-23T15:12:20Z,0.9355509355517193,usage_system,cpu,cpu-total,MyLord
,,1,2021-06-23T14:29:09.366682067Z,2021-06-23T15:29:09.366682067Z,2021-06-23T15:12:30Z,0.9404388714718125,usage_system,cpu,cpu-total,MyLord
,,1,2021-06-23T14:29:09.366682067Z,2021-06-23T15:29:09.366682067Z,2021-06-23T15:12:40Z,0.6224066390048002,usage_system,cpu,cpu-total,MyLord
,,1,2021-06-23T14:29:09.366682067Z,2021-06-23T15:29:09.366682067Z,2021-06-23T15:12:50Z,1.134020618557182,usage_system,cpu,cpu-total,MyLord
,,1,2021-06-23T14:29:09.366682067Z,2021-06-23T15:29:09.366682067Z,2021-06-23T15:13:00Z,1.0405827263257335,usage_system,cpu,cpu-total,MyLord
,,1,2021-06-23T14:29:09.366682067Z,2021-06-23T15:29:09.366682067Z,2021-06-23T15:13:10Z,1.1422637590857783,usage_system,cpu,cpu-total,MyLord
,,1,2021-06-23T14:29:09.366682067Z,2021-06-23T15:29:09.366682067Z,2021-06-23T15:13:20Z,1.4492753623181753,usage_system,cpu,cpu-total,MyLord
,,1,2021-06-23T14:29:09.366682067Z,2021-06-23T15:29:09.366682067Z,2021-06-23T15:13:30Z,1.1434511434518388,usage_system,cpu,cpu-total,MyLord
,,1,2021-06-23T14:29:09.366682067Z,2021-06-23T15:29:09.366682067Z,2021-06-23T15:13:40Z,2.1806853582580703,usage_system,cpu,cpu-total,MyLord
,,1,2021-06-23T14:29:09.366682067Z,2021-06-23T15:29:09.366682067Z,2021-06-23T15:13:50Z,1.3443640124076865,usage_system,cpu,cpu-total,MyLord
,,1,2021-06-23T14:29:09.366682067Z,2021-06-23T15:29:09.366682067Z,2021-06-23T15:14:00Z,0.8376963350799838,usage_system,cpu,cpu-total,MyLord
,,1,2021-06-23T14:29:09.366682067Z,2021-06-23T15:29:09.366682067Z,2021-06-23T15:14:10Z,0.9374999999985789,usage_system,cpu,cpu-total,MyLord
,,1,2021-06-23T14:29:09.366682067Z,2021-06-23T15:29:09.366682067Z,2021-06-23T15:14:20Z,0.8333333333332544,usage_system,cpu,cpu-total,MyLord
,,1,2021-06-23T14:29:09.366682067Z,2021-06-23T15:29:09.366682067Z,2021-06-23T15:14:30Z,0.8316008316016595,usage_system,cpu,cpu-total,MyLord
,,1,2021-06-23T14:29:09.366682067Z,2021-06-23T15:29:09.366682067Z,2021-06-23T15:14:40Z,1.2486992715920633,usage_system,cpu,cpu-total,MyLord
,,1,2021-06-23T14:29:09.366682067Z,2021-06-23T15:29:09.366682067Z,2021-06-23T15:14:50Z,0.9384775808114114,usage_system,cpu,cpu-total,MyLord
,,1,2021-06-23T14:29:09.366682067Z,2021-06-23T15:29:09.366682067Z,2021-06-23T15:15:00Z,0.938477580815445,usage_system,cpu,cpu-total,MyLord
,,1,2021-06-23T14:29:09.366682067Z,2021-06-23T15:29:09.366682067Z,2021-06-23T15:15:10Z,0.9424083769633969,usage_system,cpu,cpu-total,MyLord
,,1,2021-06-23T14:29:09.366682067Z,2021-06-23T15:29:09.366682067Z,2021-06-23T15:15:20Z,0.9384775808128355,usage_system,cpu,cpu-total,MyLord
,,1,2021-06-23T14:29:09.366682067Z,2021-06-23T15:29:09.366682067Z,2021-06-23T15:15:30Z,1.1410788381727617,usage_system,cpu,cpu-total,MyLord
,,1,2021-06-23T14:29:09.366682067Z,2021-06-23T15:29:09.366682067Z,2021-06-23T15:15:40Z,1.4447884416941483,usage_system,cpu,cpu-total,MyLord
,,1,2021-06-23T14:29:09.366682067Z,2021-06-23T15:29:09.366682067Z,2021-06-23T15:15:50Z,0.7261410788376409,usage_system,cpu,cpu-total,MyLord
,,1,2021-06-23T14:29:09.366682067Z,2021-06-23T15:29:09.366682067Z,2021-06-23T15:16:00Z,0.8324661810630304,usage_system,cpu,cpu-total,MyLord
,,1,2021-06-23T14:29:09.366682067Z,2021-06-23T15:29:09.366682067Z,2021-06-23T15:16:10Z,1.044932079413125,usage_system,cpu,cpu-total,MyLord
,,1,2021-06-23T14:29:09.366682067Z,2021-06-23T15:29:09.366682067Z,2021-06-23T15:16:20Z,1.2422360248461897,usage_system,cpu,cpu-total,MyLord
,,1,2021-06-23T14:29:09.366682067Z,2021-06-23T15:29:09.366682067Z,2021-06-23T15:16:30Z,1.2526096033401115,usage_system,cpu,cpu-total,MyLord
,,1,2021-06-23T14:29:09.366682067Z,2021-06-23T15:29:09.366682067Z,2021-06-23T15:16:40Z,0.8307372793354335,usage_system,cpu,cpu-total,MyLord
,,1,2021-06-23T14:29:09.366682067Z,2021-06-23T15:29:09.366682067Z,2021-06-23T15:16:50Z,1.041666666666272,usage_system,cpu,cpu-total,MyLord
,,1,2021-06-23T14:29:09.366682067Z,2021-06-23T15:29:09.366682067Z,2021-06-23T15:17:00Z,1.1398963730578238,usage_system,cpu,cpu-total,MyLord
,,1,2021-06-23T14:29:09.366682067Z,2021-06-23T15:29:09.366682067Z,2021-06-23T15:17:10Z,0.7360672975812292,usage_system,cpu,cpu-total,MyLord
,,1,2021-06-23T14:29:09.366682067Z,2021-06-23T15:29:09.366682067Z,2021-06-23T15:17:20Z,1.1410788381727617,usage_system,cpu,cpu-total,MyLord
,,1,2021-06-23T14:29:09.366682067Z,2021-06-23T15:29:09.366682067Z,2021-06-23T15:17:30Z,1.5511892450879456,usage_system,cpu,cpu-total,MyLord
,,1,2021-06-23T14:29:09.366682067Z,2021-06-23T15:29:09.366682067Z,2021-06-23T15:17:40Z,0.9345794392522151,usage_system,cpu,cpu-total,MyLord
,,1,2021-06-23T14:29:09.366682067Z,2021-06-23T15:29:09.366682067Z,2021-06-23T15:25:40Z,7.6591154261147665,usage_system,cpu,cpu-total,MyLord
,,1,2021-06-23T14:29:09.366682067Z,2021-06-23T15:29:09.366682067Z,2021-06-23T15:25:50Z,5.274261603369698,usage_system,cpu,cpu-total,MyLord
,,1,2021-06-23T14:29:09.366682067Z,2021-06-23T15:29:09.366682067Z,2021-06-23T15:26:00Z,0.42105263157856443,usage_system,cpu,cpu-total,MyLord
,,1,2021-06-23T14:29:09.366682067Z,2021-06-23T15:29:09.366682067Z,2021-06-23T15:26:10Z,6.290672451192708,usage_system,cpu,cpu-total,MyLord
,,1,2021-06-23T14:29:09.366682067Z,2021-06-23T15:29:09.366682067Z,2021-06-23T15:26:20Z,6.99373695199222,usage_system,cpu,cpu-total,MyLord
,,1,2021-06-23T14:29:09.366682067Z,2021-06-23T15:29:09.366682067Z,2021-06-23T15:26:30Z,0.7345225603363964,usage_system,cpu,cpu-total,MyLord
,,1,2021-06-23T14:29:09.366682067Z,2021-06-23T15:29:09.366682067Z,2021-06-23T15:26:40Z,0.3144654088044768,usage_system,cpu,cpu-total,MyLord
,,1,2021-06-23T14:29:09.366682067Z,2021-06-23T15:29:09.366682067Z,2021-06-23T15:26:50Z,3.256302521011414,usage_system,cpu,cpu-total,MyLord
,,1,2021-06-23T14:29:09.366682067Z,2021-06-23T15:29:09.366682067Z,2021-06-23T15:27:00Z,0.6289308176101454,usage_system,cpu,cpu-total,MyLord
,,1,2021-06-23T14:29:09.366682067Z,2021-06-23T15:29:09.366682067Z,2021-06-23T15:27:10Z,4.012671594508435,usage_system,cpu,cpu-total,MyLord
,,1,2021-06-23T14:29:09.366682067Z,2021-06-23T15:29:09.366682067Z,2021-06-23T15:27:20Z,1.3684210526336271,usage_system,cpu,cpu-total,MyLord
,,1,2021-06-23T14:29:09.366682067Z,2021-06-23T15:29:09.366682067Z,2021-06-23T15:27:30Z,0.41797283176525,usage_system,cpu,cpu-total,MyLord
,,1,2021-06-23T14:29:09.366682067Z,2021-06-23T15:29:09.366682067Z,2021-06-23T15:27:40Z,1.0460251046014108,usage_system,cpu,cpu-total,MyLord
,,1,2021-06-23T14:29:09.366682067Z,2021-06-23T15:29:09.366682067Z,2021-06-23T15:27:50Z,6.1246040126712735,usage_system,cpu,cpu-total,MyLord
,,1,2021-06-23T14:29:09.366682067Z,2021-06-23T15:29:09.366682067Z,2021-06-23T15:28:00Z,3.3542976939219193,usage_system,cpu,cpu-total,MyLord
,,1,2021-06-23T14:29:09.366682067Z,2021-06-23T15:29:09.366682067Z,2021-06-23T15:28:10Z,1.6701461377876063,usage_system,cpu,cpu-total,MyLord
,,1,2021-06-23T14:29:09.366682067Z,2021-06-23T15:29:09.366682067Z,2021-06-23T15:28:20Z,2.521008403359167,usage_system,cpu,cpu-total,MyLord
,,1,2021-06-23T14:29:09.366682067Z,2021-06-23T15:29:09.366682067Z,2021-06-23T15:28:30Z,3.0366492146641972,usage_system,cpu,cpu-total,MyLord
,,1,2021-06-23T14:29:09.366682067Z,2021-06-23T15:29:09.366682067Z,2021-06-23T15:28:40Z,4.994797086368253,usage_system,cpu,cpu-total,MyLord
,,1,2021-06-23T14:29:09.366682067Z,2021-06-23T15:29:09.366682067Z,2021-06-23T15:28:50Z,8.471074380170744,usage_system,cpu,cpu-total,MyLord
,,1,2021-06-23T14:29:09.366682067Z,2021-06-23T15:29:09.366682067Z,2021-06-23T15:29:00Z,8.024691358011436,usage_system,cpu,cpu-total,MyLord

